event_id,home_raw,away_raw,kickoff,status,minute,hg,ag,red_h,red_a,corners_h,corners_a,o1x,o12,ox2,o_under_3.5,o_over_3.5,o_btts_yes,o_btts_no,o_under_4.5,o_over_4.5,o1,ox,o2,o_under_2.5,o_over_2.5,source,taken_at
2998403,Bohemians Praqa B,FC Pisek,2026-10-04 08:15:00+00:00,1-й тайм,7,0,1,0,0,0,1,2.33,1.03,1.0,2.07,1.39,1.11,3.4,1.36,2.15,5.27,4.14,1.31,,,misli,2026-10-04 08:25:00+00:00
2998402,FK Admira Prague,Tj Jiskra Domazlice,2026-10-04 08:15:00+00:00,1-й тайм,9,0,1,0,0,0,1,3.32,1.0,1.0,2.33,1.3,1.18,2.87,1.47,1.91,8.18,5.48,1.13,,,misli,2026-10-04 08:25:00+00:00
2998404,FK Hradets Kralova B,Fk Mlada Boleslav B,2026-10-04 08:15:00+00:00,1-й тайм,9,0,0,0,0,0,0,1.28,1.12,1.38,1.25,2.47,1.44,1.98,,,2.15,3.17,2.43,1.83,1.54,misli,2026-10-04 08:25:00+00:00
2998425,Cənubi Çin,Tung Sing,2026-10-04 07:30:00+00:00,1-й тайм,41,1,0,0,0,1,0,1.0,1.07,2.35,1.27,2.43,1.33,2.24,,,1.31,3.64,6.5,2.05,1.4,misli,2026-10-04 08:25:00+00:00
2998396,Sitizen AA,Yuen Long FC,2026-10-04 07:30:00+00:00,перерыв,45,0,1,0,0,0,1,2.79,1.02,1.0,1.33,2.22,1.39,2.07,,,7.99,4.18,1.19,2.22,1.33,misli,2026-10-04 08:25:00+00:00
2998764,Manila Digger FC,DH Cebu FC,2026-10-04 07:00:00+00:00,2-й тайм,66,2,0,0,0,2,0,,,,,,,,,,,,,,,misli,2026-10-04 08:25:00+00:00
2998424,Şam Şuy Po Sa,Supreme FC,2026-10-04 07:30:00+00:00,1-й тайм,44,0,2,0,0,0,2,2.73,1.0,1.0,2.38,1.28,1.09,3.53,1.38,2.11,6.8,4.4,1.22,,,misli,2026-10-04 08:25:00+00:00
2998275,Tj Karlovy Vary Dvory,Fc Slavia Karlovy Vary B,2026-10-04 08:00:00+00:00,1-й тайм,24,0,0,0,0,0,0,1.16,1.02,1.71,1.77,1.57,1.18,2.71,1.28,2.38,1.63,4.09,2.93,,,misli,2026-10-04 08:25:00+00:00
2998419,MFk Karvina B,FC Fastav Zlin B,2026-10-04 08:15:00+00:00,1-й тайм,6,0,0,0,0,0,0,1.34,1.09,1.37,1.49,1.89,1.27,2.43,,,2.17,3.47,2.25,2.34,1.29,misli,2026-10-04 08:25:00+00:00
2998391,SK Unicov,SK Polanka Nad Odrou,2026-10-04 08:15:00+00:00,1-й тайм,9,0,0,0,0,0,0,1.0,1.0,2.86,1.3,2.34,1.78,1.56,,,1.2,4.63,7.05,1.93,1.46,misli,2026-10-04 08:25:00+00:00
2998306,FK Chlumec Nad Cidlinou,FC Hlinsko,2026-10-04 08:15:00+00:00,1-й тайм,10,0,0,0,0,0,0,1.08,1.05,1.93,1.52,1.84,1.32,2.24,,,1.49,3.93,3.75,2.42,1.27,misli,2026-10-04 08:25:00+00:00
2998300,FK Kunovice,Jiskra Stare Mesto,2026-10-04 08:15:00+00:00,1-й тайм,10,1,0,0,0,1,0,1.0,1.0,2.59,2.18,1.35,1.13,3.25,1.4,2.05,1.25,4.52,5.97,,,misli,2026-10-04 08:25:00+00:00
2998416,FC Zbroyovka Brno B,FK Blansko,2026-10-04 08:15:00+00:00,1-й тайм,8,0,0,0,0,0,0,1.0,1.0,2.53,1.58,1.76,1.4,2.05,,,1.27,4.55,5.48,2.55,1.24,misli,2026-10-04 08:25:00+00:00
2998322,Sokol Dobsice,FK Banik Ratiskovice,2026-10-04 08:15:00+00:00,1-й тайм,4,0,0,0,0,0,0,1.24,1.04,1.57,1.76,1.59,1.18,2.81,1.27,2.42,1.81,3.98,2.58,,,misli,2026-10-04 08:25:00+00:00
