run_id,model,league,season,date,home,away,p_home,p_draw,p_away,p_over25,xg_home,xg_away,p_btts,created_at
live,dixon_coles,ARG,2026,2026-10-03,Boca Juniors,Union de Santa Fe,0.578876119680764,0.24735942765355853,0.17376445266567747,,,,,2026-10-03T00:55:20
live,dixon_coles,ARG,2026,2026-10-03,Defensa y Justicia,San Lorenzo,0.38377946535070284,0.3387155966558439,0.2775049379934533,,,,,2026-10-03T00:55:20
live,dixon_coles,ARG,2026,2026-10-03,Ind. Rivadavia,Gimnasia L.P.,0.48602799149814624,0.27190656903796445,0.2420654394638891,,,,,2026-10-03T00:55:20
live,dixon_coles,ARG,2026,2026-10-03,Independiente,Instituto,0.45800976931348697,0.30602249147670335,0.23596773920980973,,,,,2026-10-03T00:55:20
live,dixon_coles,ARG,2026,2026-10-04,Atl. Tucuman,Barracas Central,0.3813327733956847,0.34695029135069777,0.27171693525361756,,,,,2026-10-03T00:55:20
live,dixon_coles,ARG,2026,2026-10-04,Huracan,Aldosivi,0.5443287408696225,0.2938578622581417,0.16181339687223595,,,,,2026-10-03T00:55:20
live,dixon_coles,ARG,2026,2026-10-04,Newells Old Boys,Lanus,0.3179455266693225,0.3184429238729736,0.3636115494577041,,,,,2026-10-03T00:55:20
live,dixon_coles,ARG,2026,2026-10-05,Argentinos Jrs,Tigre,0.466198823883786,0.323673194161723,0.21012798195449106,,,,,2026-10-03T00:55:20
live,dixon_coles,ARG,2026,2026-10-05,Dep. Riestra,Central Cordoba,0.4194863261315085,0.3486444434005933,0.23186923046789837,,,,,2026-10-03T00:55:20
live,dixon_coles,ARG,2026,2026-10-05,Estudiantes Rio Cuarto,Racing Club,0.22887881580673897,0.30554945067180467,0.46557173352145625,,,,,2026-10-03T00:55:20
live,dixon_coles,ARG,2026,2026-10-05,Talleres Cordoba,Belgrano,0.3521373350532172,0.33023292790085085,0.31762973704593167,,,,,2026-10-03T00:55:20
live,dixon_coles,ARG,2026,2026-10-06,Banfield,Rosario Central,0.2751785293396981,0.3092183458692185,0.4156031247910835,,,,,2026-10-03T00:55:20
live,dixon_coles,ARG,2026,2026-10-06,Estudiantes L.P.,Gimnasia Mendoza,0.5190105176100941,0.29350418004831497,0.18748530234159075,,,,,2026-10-03T00:55:20
live,dixon_coles,ARG,2026,2026-10-06,Velez Sarsfield,Platense,0.5270582605405345,0.3036169631171701,0.16932477634229526,,,,,2026-10-03T00:55:20
live,dixon_coles,BRA,2026,2026-10-03,Sao Paulo,Santos,0.46488524761467054,0.2708492018492383,0.2642655505360911,,,,,2026-10-03T00:55:20
live,dixon_coles,BRA,2026,2026-10-04,Atletico-MG,Bragantino,0.48914293415070637,0.27077331116806036,0.24008375468123347,,,,,2026-10-03T00:55:20
live,dixon_coles,E2,2026,2026-10-03,Burton,Huddersfield,0.3394490497567443,0.259129557916669,0.40142139232658697,,,,,2026-10-03T00:55:20
live,dixon_coles,E2,2026,2026-10-03,Leyton Orient,Plymouth,0.3773028240425456,0.23948566617899397,0.3832115097784604,,,,,2026-10-03T00:55:20
live,dixon_coles,E2,2026,2026-10-03,Reading,Bradford,0.4250836658577347,0.275033629134216,0.2998827050080495,,,,,2026-10-03T00:55:20
live,dixon_coles,E3,2026,2026-10-03,Accrington,Cheltenham,0.42606176257611306,0.24300115330672134,0.33093708411716566,,,,,2026-10-03T00:55:20
live,dixon_coles,E3,2026,2026-10-03,Chesterfield,Tranmere,0.5908720231402624,0.22117024081192804,0.18795773604780971,,,,,2026-10-03T00:55:20
live,dixon_coles,E3,2026,2026-10-03,Crewe,Bristol Rvs,0.43897921987524174,0.26281713853719035,0.29820364158756807,,,,,2026-10-03T00:55:20
live,dixon_coles,E3,2026,2026-10-03,Exeter,Rotherham,0.39478785728823496,0.2962637840401088,0.3089483586716564,,,,,2026-10-03T00:55:20
live,dixon_coles,E3,2026,2026-10-03,Gillingham,Newport County,0.4547949460258293,0.2580212968601067,0.2871837571140638,,,,,2026-10-03T00:55:20
live,dixon_coles,E3,2026,2026-10-03,Grimsby,Shrewsbury,0.6059399171315581,0.22499281257214382,0.16906727029629826,,,,,2026-10-03T00:55:20
live,dixon_coles,E3,2026,2026-10-03,Rochdale,Swindon,0.42189226725334494,0.2539506846727528,0.32415704807390217,,,,,2026-10-03T00:55:20
live,dixon_coles,E3,2026,2026-10-03,Salford,Fleetwood Town,0.4770015541567594,0.2636453123827273,0.25935313346051325,,,,,2026-10-03T00:55:20
live,dixon_coles,EC,2026,2026-10-03,Aldershot,Carlisle,0.3007532945247342,0.21805139571465146,0.4811953097606145,,,,,2026-10-03T00:55:20
live,dixon_coles,EC,2026,2026-10-03,Barrow,Wealdstone,0.49481565668176525,0.22891070462891178,0.276273638689323,,,,,2026-10-03T00:55:20
live,dixon_coles,EC,2026,2026-10-03,Boreham Wood,Altrincham,0.6139703230133713,0.1968529439163351,0.18917673307029353,,,,,2026-10-03T00:55:20
live,dixon_coles,EC,2026,2026-10-03,Eastleigh,Woking,0.33953939502193975,0.25491351916120103,0.40554708581685917,,,,,2026-10-03T00:55:20
live,dixon_coles,EC,2026,2026-10-03,Gateshead,Worthing,0.3018301561701706,0.22883932268175158,0.4693305211480777,,,,,2026-10-03T00:55:20
live,dixon_coles,EC,2026,2026-10-03,Harrogate,Hornchurch,0.4873519548539752,0.23366220817788758,0.27898583696813717,,,,,2026-10-03T00:55:20
live,dixon_coles,EC,2026,2026-10-03,Hartlepool,Tamworth,0.4186803109847005,0.24076117807256878,0.34055851094273076,,,,,2026-10-03T00:55:20
live,dixon_coles,EC,2026,2026-10-03,Kidderminster,Sutton,0.49608367385211516,0.25036162782713806,0.2535546983207468,,,,,2026-10-03T00:55:20
live,dixon_coles,EC,2026,2026-10-03,Solihull,Halifax,0.3582448102271651,0.24598151295786935,0.3957736768149656,,,,,2026-10-03T00:55:20
live,dixon_coles,EC,2026,2026-10-03,Southend,Fylde,0.5909488485856655,0.20783392169702028,0.20121722971731415,,,,,2026-10-03T00:55:20
live,dixon_coles,EC,2026,2026-10-03,Yeovil,Boston Utd,0.39190298624127673,0.26474195397712424,0.34335505978159925,,,,,2026-10-03T00:55:20
live,dixon_coles,IRL,2026,2026-10-02,Dundalk,Bohemians,0.2917436219798546,0.2582850505178315,0.4499713275023138,,,,,2026-10-02T15:50:07
live,dixon_coles,SC1,2026,2026-10-03,Livingston,Ayr,0.5343928382797027,0.27826352651214475,0.18734363520815245,,,,,2026-10-03T00:55:20
live,dixon_coles,SC1,2026,2026-10-03,Morton,Raith Rvs,0.261541133101457,0.2936757233206469,0.44478314357789583,,,,,2026-10-03T00:55:20
live,dixon_coles,SC1,2026,2026-10-03,Partick,Arbroath,0.5242772299367846,0.29406623131797377,0.18165653874524174,,,,,2026-10-03T00:55:20
live,dixon_coles,SC2,2026,2026-10-03,Airdrie Utd,Montrose,0.5096716084502959,0.2565232189352867,0.2338051726144175,,,,,2026-10-03T00:55:20
live,dixon_coles,SC2,2026,2026-10-03,East Fife,East Kilbride,0.25279046908922564,0.2970361371782075,0.45017339373256704,,,,,2026-10-03T00:55:20
live,dixon_coles,SC2,2026,2026-10-03,Hamilton,Peterhead,0.6939750174585859,0.1961232169426782,0.10990176559873596,,,,,2026-10-03T00:55:20
live,dixon_coles,SC2,2026,2026-10-03,Queen of Sth,Cove Rangers,0.37964810123798953,0.27438661443507967,0.34596528432693086,,,,,2026-10-03T00:55:20
live,dixon_coles,SC2,2026,2026-10-03,Ross County,Alloa,0.5326538851107274,0.26620982800071163,0.2011362868885609,,,,,2026-10-03T00:55:20
live,dixon_coles,SC3,2026,2026-10-03,Annan Athletic,Stirling,0.5203546934660386,0.2309785504267399,0.24866675610722172,,,,,2026-10-03T00:55:20
live,dixon_coles,SC3,2026,2026-10-03,Dumbarton,Forfar,0.3714617711174684,0.2839552105477928,0.3445830183347389,,,,,2026-10-03T00:55:20
live,dixon_coles,SC3,2026,2026-10-03,Elgin,Clyde,0.3755260834756665,0.24616856570577608,0.3783053508185573,,,,,2026-10-03T00:55:20
live,dixon_coles,SC3,2026,2026-10-03,Spartans,Kelty Hearts,0.5516540499848281,0.20293564850578844,0.2454103015093832,,,,,2026-10-03T00:55:20
live,dixon_coles,SC3,2026,2026-10-03,Stranraer,Edinburgh City,0.5312065710197236,0.23128279818743355,0.2375106307928429,,,,,2026-10-03T00:55:20
live,dixon_coles,SP2,2026,2026-10-02,Eldense,Oviedo,0.3473867158534232,0.2819159753277659,0.3706973088188107,,,,,2026-10-02T15:50:07
live,dixon_coles,SP2,2026,2026-10-03,Albacete,Eibar,0.31791635591342104,0.2793981566537888,0.4026854874327901,,,,,2026-10-03T00:55:20
live,dixon_coles,SP2,2026,2026-10-03,Almeria,Burgos,0.4812834761711997,0.25825566224358243,0.26046086158521803,,,,,2026-10-03T00:55:20
live,dixon_coles,SP2,2026,2026-10-03,Cadiz,Leganes,0.379829691920584,0.2938973173341494,0.3262729907452665,,,,,2026-10-03T00:55:20
live,dixon_coles,SP2,2026,2026-10-03,Sabadell,Andorra,0.46669267640680023,0.2456807531831563,0.2876265704100437,,,,,2026-10-03T00:55:20
live,dixon_coles,SP2,2026,2026-10-04,Castellon,Ceuta,0.7067769630249527,0.16703369133258,0.1261893456424672,,,,,2026-10-03T00:55:20
live,dixon_coles,SP2,2026,2026-10-04,Girona,Mallorca,0.4412742825092393,0.2670437065477936,0.29168201094296686,,,,,2026-10-03T00:55:20
live,dixon_coles,SP2,2026,2026-10-04,Las Palmas,Valladolid,0.5461693979578901,0.25164182871917656,0.20218877332293336,,,,,2026-10-03T00:55:20
live,dixon_coles,SP2,2026,2026-10-04,Sociedad B,Granada,0.4128698364655209,0.25094898619608996,0.33618117733838904,,,,,2026-10-03T00:55:20
live,dixon_coles,SP2,2026,2026-10-04,Sp Gijon,Celta B,0.4978842397224681,0.249872112942874,0.252243647334658,,,,,2026-10-03T00:55:20
live,dixon_coles,SP2,2026,2026-10-05,Cordoba,Tenerife,0.45009201223608486,0.2472874598555291,0.3026205279083859,,,,,2026-10-03T00:55:20
live,dixon_coles,UNL,2026,2026-10-01,Azerbaijan,Liechtenstein,0.7445444379391523,0.1294706181911715,0.1259849438696763,,,,,2026-10-01T08:45:48
live,dixon_coles,UNL,2026,2026-10-01,Denmark,Portugal,0.3035032979326497,0.1779225690277298,0.5185741330396204,,,,,2026-10-01T22:41:42
live,dixon_coles,UNL,2026,2026-10-01,Germany,Serbia,0.7277090974816379,0.1266754856223604,0.1456154168960015,,,,,2026-10-01T22:41:42
live,dixon_coles,UNL,2026,2026-10-01,Greece,Netherlands,0.2742069007759082,0.1761934905130852,0.5495996087110064,,,,,2026-10-01T22:41:42
live,dixon_coles,UNL,2026,2026-10-01,Israel,Kosovo,0.4243702935860301,0.1832453715428018,0.3923843348711681,,,,,2026-10-01T22:41:42
live,dixon_coles,UNL,2026,2026-10-01,Malta,Gibraltar,0.6697028846978612,0.1490361036389577,0.1812610116631808,,,,,2026-10-01T22:41:42
live,dixon_coles,UNL,2026,2026-10-01,Republic of Ireland,Austria,0.3124086184153034,0.2060689060287763,0.4815224755559202,,,,,2026-10-01T22:41:42
live,dixon_coles,UNL,2026,2026-10-01,Wales,Norway,0.2700724359372067,0.1749340285066767,0.5549935355561164,,,,,2026-10-01T22:41:42
live,dixon_coles,UNL,2026,2026-10-02,Belgium,Turkey,0.6416821653482778,0.1999608874954331,0.158356947156289,,,,,2026-10-02T15:50:07
live,dixon_coles,UNL,2026,2026-10-02,Bosnia and Herzegovina,Sweden,0.282041976882975,0.2516480054232517,0.4663100176937733,,,,,2026-10-02T15:50:07
live,dixon_coles,UNL,2026,2026-10-02,Cyprus,Armenia,0.4071416601998621,0.2544076451597213,0.3384506946404165,,,,,2026-10-02T15:50:07
live,dixon_coles,UNL,2026,2026-10-02,Faroe Islands,Slovakia,0.205182883101259,0.287416412237827,0.5074007046609141,,,,,2026-10-02T15:50:07
live,dixon_coles,UNL,2026,2026-10-02,France,Italy,0.5338383262292339,0.2459756186882926,0.2201860550824735,,,,,2026-10-02T15:50:07
live,dixon_coles,UNL,2026,2026-10-02,Hungary,Georgia,0.4526985093507866,0.2807822011718863,0.2665192894773271,,,,,2026-10-02T15:50:07
live,dixon_coles,UNL,2026,2026-10-02,Kazakhstan,Moldova,0.5510708944634363,0.2527864027986442,0.1961427027379194,,,,,2026-10-02T15:50:07
live,dixon_coles,UNL,2026,2026-10-02,Latvia,Montenegro,0.2917263591739332,0.2939766312782354,0.4142970095478313,,,,,2026-10-02T15:50:07
live,dixon_coles,UNL,2026,2026-10-02,Poland,Romania,0.5011825224312363,0.259199730708552,0.2396177468602116,,,,,2026-10-02T15:50:07
live,dixon_coles,UNL,2026,2026-10-02,Ukraine,Northern Ireland,0.5378775284676578,0.2686242104063405,0.1934982611260017,,,,,2026-10-02T15:50:07
live,dixon_coles,UNL,2026,2026-10-03,Belarus,San Marino,0.8610428463077582,0.08026500096643509,0.05869215272580693,,,,,2026-10-03T00:55:20
live,dixon_coles,UNL,2026,2026-10-03,Croatia,England,0.261248042184257,0.18040056752859804,0.5583513902871451,,,,,2026-10-03T00:55:20
live,dixon_coles,UNL,2026,2026-10-03,Estonia,Luxembourg,0.4207253967812916,0.2344158757240814,0.3448587274946268,,,,,2026-10-03T00:55:20
live,dixon_coles,UNL,2026,2026-10-03,Finland,Albania,0.3938101064858595,0.24990698938123393,0.35628290413290675,,,,,2026-10-03T00:55:20
live,dixon_coles,UNL,2026,2026-10-03,Iceland,Bulgaria,0.5246614095125084,0.1967566033193679,0.2785819871681238,,,,,2026-10-03T00:55:20
live,dixon_coles,UNL,2026,2026-10-03,North Macedonia,Scotland,0.3984042914628687,0.22281901928822762,0.3787766892489036,,,,,2026-10-03T00:55:20
live,dixon_coles,UNL,2026,2026-10-03,Spain,Czech Republic,0.7969997049384048,0.1067812952806179,0.09621899978097742,,,,,2026-10-03T00:55:20
live,dixon_coles,UNL,2026,2026-10-03,Switzerland,Slovenia,0.5659384700993852,0.20337260222827672,0.23068892767233828,,,,,2026-10-03T00:55:20
live,dixon_coles,UNL,2026,2026-10-04,Azerbaijan,Lithuania,0.45286112845151727,0.2303576978565938,0.3167811736918891,,,,,2026-10-03T00:55:20
live,dixon_coles,UNL,2026,2026-10-04,Greece,Germany,0.3260139013746426,0.19508123455121687,0.4789048640741407,,,,,2026-10-03T00:55:20
live,dixon_coles,UNL,2026,2026-10-04,Kosovo,Austria,0.3223696946762641,0.20164554370704355,0.4759847616166925,,,,,2026-10-03T00:55:20
live,dixon_coles,UNL,2026,2026-10-04,Malta,Andorra,0.4728080758533211,0.23725316958198867,0.28993875456469015,,,,,2026-10-03T00:55:20
live,dixon_coles,UNL,2026,2026-10-04,Netherlands,Serbia,0.7283860338096524,0.13338498362381915,0.13822898256652866,,,,,2026-10-03T00:55:20
live,dixon_coles,UNL,2026,2026-10-04,Portugal,Norway,0.6410017707634709,0.15211630357487838,0.20688192566165076,,,,,2026-10-03T00:55:20
live,dixon_coles,UNL,2026,2026-10-04,Republic of Ireland,Israel,0.48964300888479995,0.2077114679404301,0.30264552317477,,,,,2026-10-03T00:55:20
live,dixon_coles,UNL,2026,2026-10-04,Wales,Denmark,0.2912547330593619,0.21343423229547498,0.495311034645163,,,,,2026-10-03T00:55:20
live,dixon_coles,UNL,2026,2026-10-05,Bosnia and Herzegovina,Poland,0.34095437954946706,0.21013792424217273,0.44890769620836013,,,,,2026-10-03T00:55:20
live,dixon_coles,UNL,2026,2026-10-05,Cyprus,Latvia,0.4219355119460946,0.2252279735212354,0.35283651453266995,,,,,2026-10-03T00:55:20
live,dixon_coles,UNL,2026,2026-10-05,France,Belgium,0.44766913792012974,0.1840788877558444,0.3682519743240258,,,,,2026-10-03T00:55:20
live,dixon_coles,UNL,2026,2026-10-05,Italy,Turkey,0.588492384782425,0.17398028627549486,0.23752732894208003,,,,,2026-10-03T00:55:20
live,dixon_coles,UNL,2026,2026-10-05,Montenegro,Armenia,0.5918953114856271,0.17696887369004946,0.23113581482432333,,,,,2026-10-03T00:55:20
live,dixon_coles,UNL,2026,2026-10-05,Northern Ireland,Georgia,0.40410942936425176,0.2350413517200816,0.36084921891566646,,,,,2026-10-03T00:55:20
live,dixon_coles,UNL,2026,2026-10-05,Romania,Sweden,0.41569945249099827,0.1958669085783066,0.38843363893069516,,,,,2026-10-03T00:55:20
live,dixon_coles,UNL,2026,2026-10-05,Ukraine,Hungary,0.46969556435462156,0.2225031870028055,0.3078012486425729,,,,,2026-10-03T00:55:20
live,dixon_coles,UNL,2026,2026-10-06,Albania,San Marino,0.8891518403583045,0.0698777787879686,0.04097038085372712,,,,,2026-10-03T00:55:20
live,dixon_coles,UNL,2026,2026-10-06,Belarus,Finland,0.3834705505094963,0.22325922205641238,0.39327022743409157,,,,,2026-10-03T00:55:20
live,dixon_coles,UNL,2026,2026-10-06,Croatia,Spain,0.21514288665127007,0.16482047738532535,0.6200366359634046,,,,,2026-10-03T00:55:20
live,dixon_coles,UNL,2026,2026-10-06,England,Czech Republic,0.744560279041079,0.12853343848090207,0.12690628247801877,,,,,2026-10-03T00:55:20
live,dixon_coles,UNL,2026,2026-10-06,Estonia,Iceland,0.32322845618651064,0.20553442005310038,0.47123712376038907,,,,,2026-10-03T00:55:20
live,dixon_coles,UNL,2026,2026-10-06,Kazakhstan,Faroe Islands,0.42936604987317056,0.23698269131746708,0.3336512588093622,,,,,2026-10-03T00:55:20
live,dixon_coles,UNL,2026,2026-10-06,Luxembourg,Bulgaria,0.3905394622094326,0.23302341255202502,0.37643712523854256,,,,,2026-10-03T00:55:20
live,dixon_coles,UNL,2026,2026-10-06,Moldova,Slovakia,0.20986807199547475,0.1891058349178567,0.6010260930866687,,,,,2026-10-03T00:55:20
live,dixon_coles,UNL,2026,2026-10-06,Scotland,Slovenia,0.3930898845396754,0.24284599309690122,0.36406412236342334,,,,,2026-10-03T00:55:20
live,dixon_coles,UNL,2026,2026-10-06,Switzerland,North Macedonia,0.6721066352321762,0.1615808324956222,0.16631253227220172,,,,,2026-10-03T00:55:20
live,dixon_coles,USA,2026,2026-10-01,Seattle Sounders,Sporting Kansas City,0.633689323064764,0.1991996574393789,0.167111019495857,,,,,2026-10-01T11:00:53
live,elo,ARG,2026,2026-10-03,Boca Juniors,Union de Santa Fe,0.589357188295613,0.25377220851637516,0.15687060318801177,,,,,2026-10-03T00:55:20
live,elo,ARG,2026,2026-10-03,Defensa y Justicia,San Lorenzo,0.4233398980726911,0.3099371046377678,0.2667229972895411,,,,,2026-10-03T00:55:20
live,elo,ARG,2026,2026-10-03,Ind. Rivadavia,Gimnasia L.P.,0.4590836532780791,0.3015867157935308,0.23932963092839007,,,,,2026-10-03T00:55:20
live,elo,ARG,2026,2026-10-03,Independiente,Instituto,0.4801482058149804,0.2955796567186735,0.2242721374663461,,,,,2026-10-03T00:55:20
live,elo,ARG,2026,2026-10-04,Atl. Tucuman,Barracas Central,0.3937819862889329,0.3148910913290557,0.2913269223820114,,,,,2026-10-03T00:55:20
live,elo,ARG,2026,2026-10-04,Huracan,Aldosivi,0.6105487436042155,0.24391016018787465,0.14554109620790984,,,,,2026-10-03T00:55:20
live,elo,ARG,2026,2026-10-04,Newells Old Boys,Lanus,0.36507148594907113,0.31779386742595034,0.31713464662497853,,,,,2026-10-03T00:55:20
live,elo,ARG,2026,2026-10-05,Argentinos Jrs,Tigre,0.5062139315171911,0.2871376348565722,0.20664843362623672,,,,,2026-10-03T00:55:20
live,elo,ARG,2026,2026-10-05,Dep. Riestra,Central Cordoba,0.47007704221623914,0.2985465400001297,0.2313764177836312,,,,,2026-10-03T00:55:20
live,elo,ARG,2026,2026-10-05,Estudiantes Rio Cuarto,Racing Club,0.2604618296815854,0.3083048286747031,0.4312333416437115,,,,,2026-10-03T00:55:20
live,elo,ARG,2026,2026-10-05,Talleres Cordoba,Belgrano,0.37078546659874734,0.31737683588101173,0.31183769752024093,,,,,2026-10-03T00:55:20
live,elo,ARG,2026,2026-10-06,Banfield,Rosario Central,0.2718333161624248,0.3111541917637213,0.41701249207385394,,,,,2026-10-03T00:55:20
live,elo,ARG,2026,2026-10-06,Estudiantes L.P.,Gimnasia Mendoza,0.48859767953869293,0.29296108404853805,0.21844123641276902,,,,,2026-10-03T00:55:20
live,elo,ARG,2026,2026-10-06,Velez Sarsfield,Platense,0.5683982040195468,0.26301964699015434,0.16858214899029897,,,,,2026-10-03T00:55:20
live,elo,BRA,2026,2026-10-03,Sao Paulo,Santos,0.49322811076365647,0.27722496304950806,0.22954692618683548,,,,,2026-10-03T00:55:20
live,elo,BRA,2026,2026-10-04,Atletico-MG,Bragantino,0.524971995651891,0.2671775995351895,0.20785040481291947,,,,,2026-10-03T00:55:20
live,elo,E2,2026,2026-10-03,Burton,Huddersfield,0.35856528043098224,0.27811266874628354,0.3633220508227342,,,,,2026-10-03T00:55:20
live,elo,E2,2026,2026-10-03,Leyton Orient,Plymouth,0.3079918502256731,0.2745086236685229,0.417499526105804,,,,,2026-10-03T00:55:20
live,elo,E2,2026,2026-10-03,Reading,Bradford,0.43976520627093896,0.27127799386416956,0.2889567998648915,,,,,2026-10-03T00:55:20
live,elo,E3,2026,2026-10-03,Accrington,Cheltenham,0.35965809142928074,0.28084484037275576,0.3594970681979635,,,,,2026-10-03T00:55:20
live,elo,E3,2026,2026-10-03,Chesterfield,Tranmere,0.5893545873620193,0.23054894153582695,0.18009647110215377,,,,,2026-10-03T00:55:20
live,elo,E3,2026,2026-10-03,Crewe,Bristol Rvs,0.4005640376994978,0.2788936351406182,0.320542327159884,,,,,2026-10-03T00:55:20
live,elo,E3,2026,2026-10-03,Exeter,Rotherham,0.43003863543806475,0.2752691031367108,0.2946922614252244,,,,,2026-10-03T00:55:20
live,elo,E3,2026,2026-10-03,Gillingham,Newport County,0.47220479547555005,0.26724302071430234,0.2605521838101476,,,,,2026-10-03T00:55:20
live,elo,E3,2026,2026-10-03,Grimsby,Shrewsbury,0.5723796028564788,0.23699669996050418,0.190623697183017,,,,,2026-10-03T00:55:20
live,elo,E3,2026,2026-10-03,Rochdale,Swindon,0.38646338459239526,0.2799912729275663,0.3335453424800384,,,,,2026-10-03T00:55:20
live,elo,E3,2026,2026-10-03,Salford,Fleetwood Town,0.492743993726128,0.26223945192349507,0.24501655435037697,,,,,2026-10-03T00:55:20
live,elo,EC,2026,2026-10-03,Aldershot,Carlisle,0.2589604236341123,0.2584081600177214,0.4826314163481663,,,,,2026-10-03T00:55:20
live,elo,EC,2026,2026-10-03,Barrow,Wealdstone,0.5359154422368063,0.243934256448847,0.22015030131434668,,,,,2026-10-03T00:55:20
live,elo,EC,2026,2026-10-03,Boreham Wood,Altrincham,0.5755675712588626,0.2306292656711539,0.19380316306998344,,,,,2026-10-03T00:55:20
live,elo,EC,2026,2026-10-03,Eastleigh,Woking,0.33616024815007195,0.27220082825560743,0.3916389235943206,,,,,2026-10-03T00:55:20
live,elo,EC,2026,2026-10-03,Gateshead,Worthing,0.2722363319571597,0.26210334290905046,0.46566032513378985,,,,,2026-10-03T00:55:20
live,elo,EC,2026,2026-10-03,Harrogate,Hornchurch,0.5235029527288,0.24767282805637653,0.2288242192148235,,,,,2026-10-03T00:55:20
live,elo,EC,2026,2026-10-03,Hartlepool,Tamworth,0.4258491694233498,0.26882728303224207,0.3053235475444081,,,,,2026-10-03T00:55:20
live,elo,EC,2026,2026-10-03,Kidderminster,Sutton,0.333296994282438,0.271996353398153,0.39470665231940905,,,,,2026-10-03T00:55:20
live,elo,EC,2026,2026-10-03,Solihull,Halifax,0.3155765464046729,0.27024190928126973,0.41418154431405735,,,,,2026-10-03T00:55:20
live,elo,EC,2026,2026-10-03,Southend,Fylde,0.5913794232840737,0.2247816660463925,0.1838389106695339,,,,,2026-10-03T00:55:20
live,elo,EC,2026,2026-10-03,Yeovil,Boston Utd,0.3859425322022978,0.2725269294607329,0.3415305383369693,,,,,2026-10-03T00:55:20
live,elo,IRL,2026,2026-10-02,Dundalk,Bohemians,0.2684924305436229,0.2702097184334522,0.4612978510229248,,,,,2026-10-02T15:50:07
live,elo,SC1,2026,2026-10-03,Livingston,Ayr,0.5266136448422147,0.259052457249635,0.21433389790815036,,,,,2026-10-03T00:55:20
live,elo,SC1,2026,2026-10-03,Morton,Raith Rvs,0.27684687906959504,0.28096469410949537,0.4421884268209096,,,,,2026-10-03T00:55:20
live,elo,SC1,2026,2026-10-03,Partick,Arbroath,0.5652544192030734,0.24550565046493822,0.18923993033198838,,,,,2026-10-03T00:55:20
live,elo,SC2,2026,2026-10-03,Airdrie Utd,Montrose,0.5734278027737418,0.21197800347643966,0.2145941937498185,,,,,2026-10-03T00:55:20
live,elo,SC2,2026,2026-10-03,East Fife,East Kilbride,0.35132267370845494,0.24456782633926072,0.40410949995228435,,,,,2026-10-03T00:55:20
live,elo,SC2,2026,2026-10-03,Hamilton,Peterhead,0.6741536663481837,0.17508388366380354,0.15076244998801266,,,,,2026-10-03T00:55:20
live,elo,SC2,2026,2026-10-03,Queen of Sth,Cove Rangers,0.45219713196880995,0.23987062083682786,0.3079322471943622,,,,,2026-10-03T00:55:20
live,elo,SC2,2026,2026-10-03,Ross County,Alloa,0.6163166247501244,0.1975820380170536,0.18610133723282196,,,,,2026-10-03T00:55:20
live,elo,SC3,2026,2026-10-03,Annan Athletic,Stirling,0.4945250617128095,0.22344764711219928,0.2820272911749912,,,,,2026-10-03T00:55:20
live,elo,SC3,2026,2026-10-03,Dumbarton,Forfar,0.40547110593964386,0.2341243268002669,0.36040456726008924,,,,,2026-10-03T00:55:20
live,elo,SC3,2026,2026-10-03,Elgin,Clyde,0.35704459369091945,0.23395850005866853,0.408996906250412,,,,,2026-10-03T00:55:20
live,elo,SC3,2026,2026-10-03,Spartans,Kelty Hearts,0.48187891353640455,0.22573267328637509,0.29238841317722036,,,,,2026-10-03T00:55:20
live,elo,SC3,2026,2026-10-03,Stranraer,Edinburgh City,0.499477582188805,0.22248922742432764,0.27803319038686736,,,,,2026-10-03T00:55:20
live,elo,SP2,2026,2026-10-02,Eldense,Oviedo,0.3314217320310874,0.3143394229857506,0.354238844983162,,,,,2026-10-02T15:50:07
live,elo,SP2,2026,2026-10-03,Albacete,Eibar,0.33026691738811476,0.31426076893072763,0.3554723136811576,,,,,2026-10-03T00:55:20
live,elo,SP2,2026,2026-10-03,Almeria,Burgos,0.4803178844818635,0.2923222510800312,0.22735986443810527,,,,,2026-10-03T00:55:20
live,elo,SP2,2026,2026-10-03,Cadiz,Leganes,0.3739280963043278,0.31318278201577293,0.3128891216798993,,,,,2026-10-03T00:55:20
live,elo,SP2,2026,2026-10-03,Sabadell,Andorra,0.4617830071654102,0.2975236033963551,0.2406933894382347,,,,,2026-10-03T00:55:20
live,elo,SP2,2026,2026-10-04,Castellon,Ceuta,0.5993943981382575,0.2467910529505431,0.15381454891119944,,,,,2026-10-03T00:55:20
live,elo,SP2,2026,2026-10-04,Girona,Mallorca,0.46241116841822705,0.2973570048204806,0.24023182676129234,,,,,2026-10-03T00:55:20
live,elo,SP2,2026,2026-10-04,Las Palmas,Valladolid,0.5953650392605234,0.24862724587007898,0.1560077148693976,,,,,2026-10-03T00:55:20
live,elo,SP2,2026,2026-10-04,Sociedad B,Granada,0.40592132221178345,0.30936443077477915,0.2847142470134374,,,,,2026-10-03T00:55:20
live,elo,SP2,2026,2026-10-04,Sp Gijon,Celta B,0.48591566370581285,0.2906383071223631,0.22344602917182405,,,,,2026-10-03T00:55:20
live,elo,SP2,2026,2026-10-05,Cordoba,Tenerife,0.43994377264700124,0.302872542772335,0.25718368458066376,,,,,2026-10-03T00:55:20
live,elo,UNL,2026,2026-10-01,Azerbaijan,Liechtenstein,0.8950153468526901,0.0734991023645366,0.0314855507827731,,,,,2026-10-01T08:45:48
live,elo,UNL,2026,2026-10-01,Denmark,Portugal,0.2945309561362422,0.3065077878012283,0.3989612560625294,,,,,2026-10-01T22:41:42
live,elo,UNL,2026,2026-10-01,Germany,Serbia,0.7238063622933446,0.1805587576151587,0.0956348800914966,,,,,2026-10-01T22:41:42
live,elo,UNL,2026,2026-10-01,Greece,Netherlands,0.2657885985039785,0.300611408108513,0.4335999933875084,,,,,2026-10-01T22:41:42
live,elo,UNL,2026,2026-10-01,Israel,Kosovo,0.3372623096654227,0.3101663427887651,0.3525713475458122,,,,,2026-10-01T22:41:42
live,elo,UNL,2026,2026-10-01,Malta,Gibraltar,0.7634664056507783,0.1574637584357435,0.0790698359134782,,,,,2026-10-01T22:41:42
live,elo,UNL,2026,2026-10-01,Republic of Ireland,Austria,0.3309854055687385,0.3099766717280147,0.3590379227032467,,,,,2026-10-01T22:41:42
live,elo,UNL,2026,2026-10-01,Wales,Norway,0.1855723514799874,0.2656416368551118,0.5487860116649008,,,,,2026-10-01T22:41:42
live,elo,UNL,2026,2026-10-02,Belgium,Turkey,0.6957168444292019,0.1962139044136784,0.1080692511571196,,,,,2026-10-02T15:50:07
live,elo,UNL,2026,2026-10-02,Bosnia and Herzegovina,Sweden,0.3590087465739989,0.3100571213674646,0.3309341320585364,,,,,2026-10-02T15:50:07
live,elo,UNL,2026,2026-10-02,Cyprus,Armenia,0.4140467083715329,0.3043193100455234,0.2816339815829437,,,,,2026-10-02T15:50:07
live,elo,UNL,2026,2026-10-02,Faroe Islands,Slovakia,0.1725696776552945,0.256930279137833,0.5705000432068724,,,,,2026-10-02T15:50:07
live,elo,UNL,2026,2026-10-02,France,Italy,0.7535091443908752,0.1633980753786454,0.0830927802304792,,,,,2026-10-02T15:50:07
live,elo,UNL,2026,2026-10-02,Hungary,Georgia,0.5632875148974392,0.2599077274267257,0.1768047576758351,,,,,2026-10-02T15:50:07
live,elo,UNL,2026,2026-10-02,Kazakhstan,Moldova,0.7049628831072113,0.1911420590430089,0.1038950578497797,,,,,2026-10-02T15:50:07
live,elo,UNL,2026,2026-10-02,Latvia,Montenegro,0.2225972544767755,0.2856614364272659,0.4917413090959585,,,,,2026-10-02T15:50:07
live,elo,UNL,2026,2026-10-02,Poland,Romania,0.5998278008904796,0.2441831781840782,0.1559890209254421,,,,,2026-10-02T15:50:07
live,elo,UNL,2026,2026-10-02,Ukraine,Northern Ireland,0.6931356296747349,0.1976170053182265,0.1092473650070385,,,,,2026-10-02T15:50:07
live,elo,UNL,2026,2026-10-03,Belarus,San Marino,0.9671317507185815,0.023541139977009806,0.009327109304408682,,,,,2026-10-03T00:55:20
live,elo,UNL,2026,2026-10-03,Croatia,England,0.2248909687852435,0.2866678836801039,0.4884411475346526,,,,,2026-10-03T00:55:20
live,elo,UNL,2026,2026-10-03,Estonia,Luxembourg,0.4726733808650947,0.29123287780219065,0.23609374133271466,,,,,2026-10-03T00:55:20
live,elo,UNL,2026,2026-10-03,Finland,Albania,0.36688975100697463,0.3096792127486211,0.3234310362444043,,,,,2026-10-03T00:55:20
live,elo,UNL,2026,2026-10-03,Iceland,Bulgaria,0.6698197405663582,0.21002931459388086,0.12015094483976102,,,,,2026-10-03T00:55:20
live,elo,UNL,2026,2026-10-03,North Macedonia,Scotland,0.2774342652069669,0.30345069088754706,0.41911504390548604,,,,,2026-10-03T00:55:20
live,elo,UNL,2026,2026-10-03,Spain,Czech Republic,0.9564181543862406,0.031115601897458323,0.012466243716301138,,,,,2026-10-03T00:55:20
live,elo,UNL,2026,2026-10-03,Switzerland,Slovenia,0.8063407700129348,0.13127560303239405,0.0623836269546711,,,,,2026-10-03T00:55:20
live,elo,UNL,2026,2026-10-04,Azerbaijan,Lithuania,0.5289601428735003,0.27316058535285465,0.197879271773645,,,,,2026-10-03T00:55:20
live,elo,UNL,2026,2026-10-04,Greece,Germany,0.35164769185016553,0.3102644910488282,0.33808781710100627,,,,,2026-10-03T00:55:20
live,elo,UNL,2026,2026-10-04,Kosovo,Austria,0.3150339375099733,0.3090555685469681,0.3759104939430586,,,,,2026-10-03T00:55:20
live,elo,UNL,2026,2026-10-04,Malta,Andorra,0.7375662200408125,0.17270807987470493,0.08972570008448257,,,,,2026-10-03T00:55:20
live,elo,UNL,2026,2026-10-04,Netherlands,Serbia,0.8036278303719443,0.13297001990959878,0.06340214971845695,,,,,2026-10-03T00:55:20
live,elo,UNL,2026,2026-10-04,Portugal,Norway,0.6519377182895689,0.21921609927628347,0.12884618243414755,,,,,2026-10-03T00:55:20
live,elo,UNL,2026,2026-10-04,Republic of Ireland,Israel,0.6524703470986993,0.2189468030322412,0.12858284986905946,,,,,2026-10-03T00:55:20
live,elo,UNL,2026,2026-10-04,Wales,Denmark,0.3102237769666316,0.3085998994174992,0.3811763236158692,,,,,2026-10-03T00:55:20
live,elo,UNL,2026,2026-10-05,Bosnia and Herzegovina,Poland,0.4352216047500682,0.300345363581247,0.26443303166868476,,,,,2026-10-03T00:55:20
live,elo,UNL,2026,2026-10-05,Cyprus,Latvia,0.6000850570956883,0.24406691365515987,0.15584802924915186,,,,,2026-10-03T00:55:20
live,elo,UNL,2026,2026-10-05,France,Belgium,0.6229495083651588,0.23345198130019604,0.14359851033464519,,,,,2026-10-03T00:55:20
live,elo,UNL,2026,2026-10-05,Italy,Turkey,0.6191269498406432,0.23526552901068304,0.14560752114867376,,,,,2026-10-03T00:55:20
live,elo,UNL,2026,2026-10-05,Montenegro,Armenia,0.6841781283279135,0.20244188463154866,0.11337998704053785,,,,,2026-10-03T00:55:20
live,elo,UNL,2026,2026-10-05,Northern Ireland,Georgia,0.5734052907217282,0.2557128231072868,0.17088188617098507,,,,,2026-10-03T00:55:20
live,elo,UNL,2026,2026-10-05,Romania,Sweden,0.2570941826347827,0.2983036664472703,0.444602150917947,,,,,2026-10-03T00:55:20
live,elo,UNL,2026,2026-10-05,Ukraine,Hungary,0.537132190105603,0.2701481461356091,0.19271966375878788,,,,,2026-10-03T00:55:20
live,elo,UNL,2026,2026-10-06,Albania,San Marino,0.9812829387653892,0.013460757348515344,0.005256303886095425,,,,,2026-10-03T00:55:20
live,elo,UNL,2026,2026-10-06,Belarus,Finland,0.46162059719593473,0.294183507038391,0.24419589576567421,,,,,2026-10-03T00:55:20
live,elo,UNL,2026,2026-10-06,Croatia,Spain,0.11279597858750512,0.20176908876219912,0.6854349326502958,,,,,2026-10-03T00:55:20
live,elo,UNL,2026,2026-10-06,England,Czech Republic,0.9058042586741379,0.06619379855526877,0.028001942770593237,,,,,2026-10-03T00:55:20
live,elo,UNL,2026,2026-10-06,Estonia,Iceland,0.25204133023481634,0.2967719512235472,0.45118671854163644,,,,,2026-10-03T00:55:20
live,elo,UNL,2026,2026-10-06,Kazakhstan,Faroe Islands,0.5116515038704701,0.27922983693862413,0.20911865919090575,,,,,2026-10-03T00:55:20
live,elo,UNL,2026,2026-10-06,Luxembourg,Bulgaria,0.4326691613074236,0.3008717011921427,0.2664591375004337,,,,,2026-10-03T00:55:20
live,elo,UNL,2026,2026-10-06,Moldova,Slovakia,0.1251051428965254,0.21533856446567,0.6595562926378046,,,,,2026-10-03T00:55:20
live,elo,UNL,2026,2026-10-06,Scotland,Slovenia,0.542939637485732,0.2679520157810025,0.1891083467332654,,,,,2026-10-03T00:55:20
live,elo,UNL,2026,2026-10-06,Switzerland,North Macedonia,0.8898923972793138,0.07696636640904278,0.033141236311643445,,,,,2026-10-03T00:55:20
live,elo,USA,2026,2026-10-01,Seattle Sounders,Sporting Kansas City,0.6311940688849986,0.2095888667394624,0.1592170643755389,,,,,2026-10-01T11:00:53
live,final,ARG,2026,2026-10-03,Boca Juniors,Union de Santa Fe,0.5841166539881886,0.25056581808496686,0.16531752792684462,0.4925771958541167,1.8019773450005534,0.8586044242194194,0.48380433332277634,2026-10-03T00:55:20
live,final,ARG,2026,2026-10-03,Defensa y Justicia,San Lorenzo,0.403559681711697,0.32432635064680587,0.2721139676414973,0.2991752027533013,1.0754296235701668,0.8323202094453452,0.3696355418745356,2026-10-03T00:55:20
live,final,ARG,2026,2026-10-03,Ind. Rivadavia,Gimnasia L.P.,0.47255582238811267,0.2867466424157478,0.2406975351961396,0.4722656851166293,1.5522624552289976,1.034209727954927,0.511254291570223,2026-10-03T00:55:20
live,final,ARG,2026,2026-10-03,Independiente,Instituto,0.4690789875642337,0.30080107409768847,0.23011993833807792,0.3664353279130372,1.3234063957275362,0.839975936060794,0.41630376062545676,2026-10-03T00:55:20
live,final,ARG,2026,2026-10-04,Atl. Tucuman,Barracas Central,0.387557379842309,0.3309206913398767,0.28152192881781446,0.277851635317257,1.0155634876355397,0.8113534226103946,0.34925521446126323,2026-10-03T00:55:20
live,final,ARG,2026,2026-10-04,Huracan,Aldosivi,0.5774387422369189,0.2688840112230082,0.15367724654007292,0.34733898966642934,1.4687601665203434,0.6206332268797262,0.3528117726443384,2026-10-03T00:55:20
live,final,ARG,2026,2026-10-04,Newells Old Boys,Lanus,0.34150850630919677,0.3181183956494618,0.3403730980413412,0.35320441573656325,1.0480345567986642,1.064392768393379,0.42462614081042166,2026-10-03T00:55:20
live,final,ARG,2026,2026-10-05,Argentinos Jrs,Tigre,0.4862063777004885,0.3054054145091476,0.20838820779036393,0.3082037399839085,1.2370971400418056,0.7042736244944217,0.354624423082388,2026-10-03T00:55:20
live,final,ARG,2026,2026-10-05,Dep. Riestra,Central Cordoba,0.4447816841738738,0.3235954917003615,0.23162282412576482,0.264193857336903,1.083015594277842,0.6929423406128568,0.3240356209241177,2026-10-03T00:55:20
live,final,ARG,2026,2026-10-05,Estudiantes Rio Cuarto,Racing Club,0.24467032274416214,0.30692713967325386,0.44840253758258375,0.35738182349189457,0.8507300719122977,1.2790909588812205,0.4100872974900032,2026-10-03T00:55:20
live,final,ARG,2026,2026-10-05,Talleres Cordoba,Belgrano,0.36146140082598244,0.3238048818909314,0.3147337172830863,0.32429952588235494,1.0454532411539994,0.956955464394974,0.39878957882806076,2026-10-03T00:55:20
live,final,ARG,2026,2026-10-06,Banfield,Rosario Central,0.2735059227510615,0.3101862688164699,0.4163078084324688,0.37480388261910963,0.9532886615435121,1.2430317692046886,0.4387491391623078,2026-10-03T00:55:20
live,final,ARG,2026,2026-10-06,Estudiantes L.P.,Gimnasia Mendoza,0.5038040985743935,0.29323263204842653,0.2029632693771799,0.3613203441475957,1.390062931758789,0.7539049037797598,0.39242699247427343,2026-10-03T00:55:20
live,final,ARG,2026,2026-10-06,Velez Sarsfield,Platense,0.5477282322800406,0.28331830505366223,0.16895346266629713,0.3311764114583953,1.3914695568692892,0.6365681140576598,0.3499604121406885,2026-10-03T00:55:20
live,final,BRA,2026,2026-10-03,Sao Paulo,Santos,0.4790566791891635,0.27403708244937325,0.24690623836146325,0.45889672805707626,1.5064013444731608,1.0190105251536217,0.49667860505807626,2026-10-03T00:55:20
live,final,BRA,2026,2026-10-04,Atletico-MG,Bragantino,0.5070574649012987,0.26897545535162487,0.2239670797470764,0.44186839184042803,1.5232682805110203,0.9303353095202382,0.4715307400649343,2026-10-03T00:55:20
live,final,E2,2026,2026-10-03,Burton,Huddersfield,0.3490071650938631,0.26862111333147626,0.3823717215746605,0.4960626829610948,1.2963662519572992,1.3815305901961674,0.5382115782741748,2026-10-03T00:55:20
live,final,E2,2026,2026-10-03,Leyton Orient,Plymouth,0.34264733713410944,0.2569971449237584,0.40035551794213226,0.5803507087470828,1.473552267314866,1.5784182999295195,0.6077328810053984,2026-10-03T00:55:20
live,final,E2,2026,2026-10-03,Reading,Bradford,0.4324244360643369,0.2731558114991928,0.29441975243647045,0.4268038872641056,1.3415828798015772,1.0550835130641363,0.47077061259501857,2026-10-03T00:55:20
live,final,E3,2026,2026-10-03,Accrington,Cheltenham,0.39285992700269695,0.2619229968397385,0.3452170761575646,0.561629339624083,1.5510993368086463,1.4159572864512922,0.593219793223578,2026-10-03T00:55:20
live,final,E3,2026,2026-10-03,Chesterfield,Tranmere,0.5901133052511409,0.2258595911738775,0.18402710357498175,0.5442654917399259,1.9209017043448402,0.960475580399682,0.521041888871053,2026-10-03T00:55:20
live,final,E3,2026,2026-10-03,Crewe,Bristol Rvs,0.41977162878736973,0.2708553868389043,0.30937298437372607,0.46916310909154013,1.4125761201813676,1.156459044659598,0.5090304213019312,2026-10-03T00:55:20
live,final,E3,2026,2026-10-03,Exeter,Rotherham,0.4124132463631499,0.28576644358840975,0.30182031004844045,0.3703484011597999,1.1959099974792782,0.9811502414911372,0.42304819444851777,2026-10-03T00:55:20
live,final,E3,2026,2026-10-03,Gillingham,Newport County,0.46349987075068977,0.2626321587872046,0.2738679704621057,0.4866921923771423,1.5201371818240246,1.11433378561633,0.5198888901409007,2026-10-03T00:55:20
live,final,E3,2026,2026-10-03,Grimsby,Shrewsbury,0.5891597599940185,0.230994756266324,0.17984548373965764,0.5006208635333986,1.8299240898043847,0.8675116626390007,0.47646796706739225,2026-10-03T00:55:20
live,final,E3,2026,2026-10-03,Rochdale,Swindon,0.4041778259228701,0.2669709788001597,0.3288511952769702,0.5107443880534466,1.4617772641763647,1.2799149188891856,0.5480216653314661,2026-10-03T00:55:20
live,final,E3,2026,2026-10-03,Salford,Fleetwood Town,0.4848727739414437,0.2629423821531112,0.25218484390544504,0.4540931020331743,1.499222394913737,1.003088917694352,0.485051241895934,2026-10-03T00:55:20
live,final,EC,2026,2026-10-03,Aldershot,Carlisle,0.27985685907942326,0.23822977786618643,0.48191336305439036,0.6384827671342609,1.4276477244604535,1.9083801950451733,0.6425321827683558,2026-10-03T00:55:20
live,final,EC,2026,2026-10-03,Barrow,Wealdstone,0.5153655494592859,0.23642248053887932,0.24821197000183481,0.5731819742381016,1.8093281406484785,1.2041240741817982,0.5781112919437672,2026-10-03T00:55:20
live,final,EC,2026,2026-10-03,Boreham Wood,Altrincham,0.594768947136117,0.21374110479374447,0.19148994807013847,0.6246706149335053,2.1452282541573946,1.1187386757345126,0.5866052682967818,2026-10-03T00:55:20
live,final,EC,2026,2026-10-03,Eastleigh,Woking,0.3378498215860059,0.26355717370840426,0.3985930047055899,0.49109308857486633,1.2602078245647272,1.3944920799389873,0.5304744712121606,2026-10-03T00:55:20
live,final,EC,2026,2026-10-03,Gateshead,Worthing,0.28703324406366515,0.24547133279540104,0.46749542314093373,0.5865436077150024,1.3322632481998233,1.7498634347430093,0.6005197142461434,2026-10-03T00:55:20
live,final,EC,2026,2026-10-03,Harrogate,Hornchurch,0.5054274537913876,0.24066751811713208,0.2539050280914803,0.5582236990858733,1.7562905398980495,1.194368897837,0.5685142209762161,2026-10-03T00:55:20
live,final,EC,2026,2026-10-03,Hartlepool,Tamworth,0.42226474020402516,0.2547942305524054,0.32294102924356943,0.5543132462709638,1.5750082075075496,1.3567814240645204,0.583052750154153,2026-10-03T00:55:20
live,final,EC,2026,2026-10-03,Kidderminster,Sutton,0.4146903340672766,0.26117899061264555,0.324130675320078,0.46640778627674867,1.4142539750105472,1.1405497556046187,0.4988605054144357,2026-10-03T00:55:20
live,final,EC,2026,2026-10-03,Solihull,Halifax,0.33691067831591903,0.2581117111195696,0.40497761056451154,0.5336456057615729,1.3490069530948015,1.4860093240260495,0.5677008260254317,2026-10-03T00:55:20
live,final,EC,2026,2026-10-03,Southend,Fylde,0.5911641359348696,0.21630779387170634,0.192528070193424,0.5978523012226356,2.0478870628269306,1.0816643386042133,0.5693282512658532,2026-10-03T00:55:20
live,final,EC,2026,2026-10-03,Yeovil,Boston Utd,0.38892275922178726,0.2686344417189286,0.3424427990592842,0.45514627117715994,1.3050648239609624,1.2035658595121628,0.5004299845265362,2026-10-03T00:55:20
live,final,IRL,2026,2026-10-02,Dundalk,Bohemians,0.2801180262617387,0.2642473844756418,0.4556345892626193,0.596219032563898,1.3572354274833818,1.7622225857510214,0.6199352031299048,2026-10-02T15:50:07
live,final,SC1,2026,2026-10-03,Livingston,Ayr,0.5305032415609587,0.2686579918808899,0.2008387665581514,0.4633264677786838,1.6404971542132196,0.8975043780561899,0.4760489032487034,2026-10-03T00:55:20
live,final,SC1,2026,2026-10-03,Morton,Raith Rvs,0.269194006085526,0.2873202087150711,0.4434857851994028,0.4700256741714248,1.0875388738002887,1.475750870395373,0.5135789288500284,2026-10-03T00:55:20
live,final,SC1,2026,2026-10-03,Partick,Arbroath,0.544765824569929,0.26978594089145613,0.18544823453861503,0.4142323363481412,1.5499109821990686,0.7906635798188894,0.4290175365847812,2026-10-03T00:55:20
live,final,SC2,2026,2026-10-03,Airdrie Utd,Montrose,0.5415497056120189,0.23425061120586319,0.224199683182118,0.56247704815251,1.840546753397671,1.1115892221158779,0.5585059071430986,2026-10-03T00:55:20
live,final,SC2,2026,2026-10-03,East Fife,East Kilbride,0.30205657139884023,0.27080198175873404,0.4271414468424256,0.43353608777268415,1.0549082355581925,1.3585970851022962,0.46889988057183923,2026-10-03T00:55:20
live,final,SC2,2026,2026-10-03,Hamilton,Peterhead,0.6840643419033847,0.18560355030324083,0.13033210779337429,0.5953352037859269,2.284820498677551,0.8308019893774732,0.4941793416956164,2026-10-03T00:55:20
live,final,SC2,2026,2026-10-03,Queen of Sth,Cove Rangers,0.4159226166033998,0.2571286176359538,0.3269487657606466,0.545387487276008,1.5261700559261304,1.3508868521030801,0.5742549548911956,2026-10-03T00:55:20
live,final,SC2,2026,2026-10-03,Ross County,Alloa,0.574485254930426,0.23189593300888256,0.1936188120606914,0.5021328161184505,1.7670100049097577,0.921594453684488,0.4913994828056289,2026-10-03T00:55:20
live,final,SC3,2026,2026-10-03,Annan Athletic,Stirling,0.507439877589424,0.22721309876946957,0.2653470236411065,0.5902948997842777,1.8483429036643444,1.2432093511363211,0.5843816854625924,2026-10-03T00:55:20
live,final,SC3,2026,2026-10-03,Dumbarton,Forfar,0.3884664385285561,0.25903976867402995,0.35249379279741405,0.4361582488984983,1.248418893086511,1.1749590473965763,0.4752352737148834,2026-10-03T00:55:20
live,final,SC3,2026,2026-10-03,Elgin,Clyde,0.36628533858329304,0.24006353288222235,0.3936511285344847,0.5845931872513994,1.504184782786796,1.5550950383791635,0.6022141779024258,2026-10-03T00:55:20
live,final,SC3,2026,2026-10-03,Spartans,Kelty Hearts,0.5167664817606165,0.21433416089608176,0.2688993573433018,0.6952200329353426,2.179907741196403,1.488441737239844,0.6683697201433373,2026-10-03T00:55:20
live,final,SC3,2026,2026-10-03,Stranraer,Edinburgh City,0.5153420766042642,0.22688601280588064,0.25777191058985516,0.5844929425545534,1.849873335362508,1.2100876337035176,0.5782980405107703,2026-10-03T00:55:20
live,final,SP2,2026,2026-10-02,Eldense,Oviedo,0.3394042239422553,0.2981276991567582,0.3624680769009863,0.3982243863403241,1.120872395441383,1.1691457930762408,0.4617043545048049,2026-10-02T15:50:07
live,final,SP2,2026,2026-10-03,Albacete,Eibar,0.324091636650768,0.29682946279225825,0.3790789005569738,0.3994280899929328,1.0834491019832915,1.2103913826889865,0.4610750540120814,2026-10-03T00:55:20
live,final,SP2,2026,2026-10-03,Almeria,Burgos,0.48080068032653167,0.2752889566618068,0.24391036301166158,0.4527005998300181,1.5035753524918585,1.000497748762194,0.48989129901118594,2026-10-03T00:55:20
live,final,SP2,2026,2026-10-03,Cadiz,Leganes,0.376878894112456,0.3035400496749611,0.319581056212583,0.3594589460203403,1.1273470236386527,1.0124958552081418,0.4234163451696347,2026-10-03T00:55:20
live,final,SP2,2026,2026-10-03,Sabadell,Andorra,0.46423784178610517,0.2716021782897556,0.2641599799241392,0.5133991301076526,1.6043314414061023,1.1629249673951862,0.5468701586988994,2026-10-03T00:55:20
live,final,SP2,2026,2026-10-04,Castellon,Ceuta,0.653085680581605,0.2069123721415616,0.14000194727683335,0.6364058510381089,2.3851008000434977,0.9712494457872266,0.5557494601241243,2026-10-03T00:55:20
live,final,SP2,2026,2026-10-04,Girona,Mallorca,0.4518427254637332,0.2822003556841372,0.2659569188521296,0.43679158802539597,1.412080674239505,1.031798747576572,0.48241740406994604,2026-10-03T00:55:20
live,final,SP2,2026,2026-10-04,Las Palmas,Valladolid,0.5707672186092067,0.25013453729462776,0.1790982440961655,0.43705501240379685,1.6384447680462133,0.8026611219112074,0.43905361621470357,2026-10-03T00:55:20
live,final,SP2,2026,2026-10-04,Sociedad B,Granada,0.40939557933865234,0.28015670848543456,0.31044771217591327,0.5090162243833453,1.4797345863870328,1.2677639795587938,0.5537333587578549,2026-10-03T00:55:20
live,final,SP2,2026,2026-10-04,Sp Gijon,Celta B,0.4918999517141406,0.2702552100326186,0.237844838253241,0.47309766363716604,1.573092829813228,1.0176272061276115,0.5021462575112147,2026-10-03T00:55:20
live,final,SP2,2026,2026-10-05,Cordoba,Tenerife,0.4450178924415431,0.27508000131393207,0.27990210624452483,0.5151681998106481,1.5673240376304414,1.2043584063418462,0.5537071278196136,2026-10-03T00:55:20
live,final,UNL,2026,2026-10-01,Azerbaijan,Liechtenstein,0.8950153468526902,0.0734991023645366,0.0314855507827731,0.6770093255603624,2.8345741042805663,0.6611839103235508,,2026-10-01T08:45:48
live,final,UNL,2026,2026-10-01,Denmark,Portugal,0.2745097775486466,0.2998389593605572,0.4256512630907963,0.6234707342674859,1.46772061596704,1.8599305167557687,,2026-10-01T22:41:42
live,final,UNL,2026,2026-10-01,Germany,Serbia,0.7096691591236763,0.2004166625856901,0.0899141782906334,0.7314118227771467,2.807289505732581,1.1082955731181616,,2026-10-01T22:41:42
live,final,UNL,2026,2026-10-01,Greece,Netherlands,0.2456118298698192,0.2914850529561038,0.4629031171740767,0.5958338517765578,1.3185181498252798,1.8634376986801413,,2026-10-01T22:41:42
live,final,UNL,2026,2026-10-01,Israel,Kosovo,0.3177611498486265,0.3072796472067399,0.3749592029446336,0.6181824405890812,1.6117438039777412,1.6955240206753084,,2026-10-01T22:41:42
live,final,UNL,2026,2026-10-01,Malta,Gibraltar,0.7496260572052278,0.1777715123642354,0.0726024304305369,0.6627688712830603,2.557242590733414,0.9286994971762405,,2026-10-01T22:41:42
live,final,UNL,2026,2026-10-01,Republic of Ireland,Austria,0.3113915747625313,0.306532904814263,0.3820755204232057,0.4533636554577633,1.17316384462271,1.3712785554373534,,2026-10-01T22:41:42
live,final,UNL,2026,2026-10-01,Wales,Norway,0.166378179617717,0.2511216271925047,0.5825001931897783,0.6200542998057068,1.1815349468994216,2.1043547907296167,,2026-10-01T22:41:42
live,final,UNL,2026,2026-10-02,Belgium,Turkey,0.681397656737402,0.2141817726654827,0.1044205705971152,0.6296671268918059,2.3355790033045283,0.9452599930840024,0.5722359644911132,2026-10-02T15:50:07
live,final,UNL,2026,2026-10-02,Bosnia and Herzegovina,Sweden,0.3432792915611664,0.3097375000682502,0.3469832083705834,0.5327849020682262,1.3783559801497804,1.473605943292969,0.5947774641174921,2026-10-02T15:50:07
live,final,UNL,2026,2026-10-02,Cyprus,Armenia,0.398400061025937,0.3083207820016799,0.2932791569723829,0.5444045782633846,1.564304573661243,1.3451764446777188,0.6039432135678622,2026-10-02T15:50:07
live,final,UNL,2026,2026-10-02,Faroe Islands,Slovakia,0.1593873842439806,0.2434019586583269,0.5972106570976924,0.3891745136780172,0.6994447905012678,1.5411948262347148,0.3960884538600659,2026-10-02T15:50:07
live,final,UNL,2026,2026-10-02,France,Italy,0.7397908596474421,0.1819653871101936,0.0782437532423644,0.5616121421733271,2.1291565078397507,0.7915393587495451,0.5138513718390469,2026-10-02T15:50:07
live,final,UNL,2026,2026-10-02,Hungary,Georgia,0.5482094364569958,0.2733177412849937,0.1784728222580104,0.4408199305491904,1.573419599258436,0.8749420521185204,0.4778648727079482,2026-10-02T15:50:07
live,final,UNL,2026,2026-10-02,Kazakhstan,Moldova,0.6907223592414714,0.2092693327198937,0.1000083080386349,0.4956665019223224,1.9278672778566168,0.7289865239713033,0.4625322874122468,2026-10-02T15:50:07
live,final,UNL,2026,2026-10-02,Latvia,Montenegro,0.2079860244232371,0.2746685604294384,0.5173454151473242,0.4099987530860864,0.885001236611516,1.4379414231644845,0.4555162872521975,2026-10-02T15:50:07
live,final,UNL,2026,2026-10-02,Poland,Romania,0.5849174589919364,0.2592465268677791,0.1558360141402843,0.4962246501015994,1.7709678662816584,0.9020243508041752,0.5124379628836967,2026-10-02T15:50:07
live,final,UNL,2026,2026-10-02,Ukraine,Northern Ireland,0.6787954347003831,0.215536301219165,0.1056682640804519,0.4456573202736658,1.788726450460682,0.6670780272858525,0.4226643563780961,2026-10-02T15:50:07
live,final,UNL,2026,2026-10-03,Belarus,San Marino,0.9619410657708645,0.03115206762395661,0.00690686660517881,0.7765279808001208,3.4906827448879127,0.5798777428609285,0.44079523668626375,2026-10-03T00:55:20
live,final,UNL,2026,2026-10-03,Croatia,England,0.21023249609332142,0.27582408740896613,0.5139434164977127,0.585039711143115,1.2048999205155637,1.9052201581511443,0.6082143667146852,2026-10-03T00:55:20
live,final,UNL,2026,2026-10-03,Estonia,Luxembourg,0.45722215027141916,0.2993956749522563,0.24338217477632454,0.37341192727532685,1.2858393269081834,0.9215540271291591,0.43879848121643955,2026-10-03T00:55:20
live,final,UNL,2026,2026-10-03,Finland,Albania,0.35116238783840614,0.3099963875032007,0.33884122465839306,0.32325248259115075,1.0225113182684094,0.9879555852616181,0.395944777487523,2026-10-03T00:55:20
live,final,UNL,2026,2026-10-03,Iceland,Bulgaria,0.6553063280717759,0.22743172204557258,0.11726194988265122,0.5234363016627422,1.9219952136582368,0.8806060990688884,0.5213474090114661,2026-10-03T00:55:20
live,final,UNL,2026,2026-10-03,North Macedonia,Scotland,0.2620244269807319,0.2964727885870992,0.4415027844321687,0.4181409519211506,1.0552169315454927,1.330335856947838,0.48640899516399944,2026-10-03T00:55:20
live,final,UNL,2026,2026-10-03,Spain,Czech Republic,0.950214674833951,0.04023983967182457,0.009545485494224595,0.7656461865197794,3.2840566807380385,0.6931127541808028,0.5041569715057618,2026-10-03T00:55:20
live,final,UNL,2026,2026-10-03,Switzerland,Slovenia,0.7934935795573026,0.14946035725743098,0.05704606318526637,0.48446169826880636,1.9988268259768962,0.6073344454964461,0.42040636782771323,2026-10-03T00:55:20
live,final,UNL,2026,2026-10-04,Azerbaijan,Lithuania,0.5137350099111523,0.28476756252155205,0.20149742756729552,0.3832145287206159,1.39647797969768,0.8469554332041181,0.4349456192130193,2026-10-03T00:55:20
live,final,UNL,2026,2026-10-04,Greece,Germany,0.33592009924253063,0.30934624485258244,0.35473365590488704,0.5364794307987573,1.3954097306169495,1.505305720601265,0.5993539521588648,2026-10-03T00:55:20
live,final,UNL,2026,2026-10-04,Kosovo,Austria,0.2993838277966442,0.30512981093476393,0.39548636126859205,0.4983362208438436,1.2468118817013492,1.482128652405628,0.5612746363916227,2026-10-03T00:55:20
live,final,UNL,2026,2026-10-04,Malta,Andorra,0.7236531809128088,0.1912076342641553,0.08513918482303567,0.3876164072469357,1.6539879478183825,0.5825200118914355,0.37843174306706423,2026-10-03T00:55:20
live,final,UNL,2026,2026-10-04,Netherlands,Serbia,0.7907255905287488,0.1511993060060573,0.058075103465194004,0.6878093174420715,2.717745128479942,0.8646409403394621,0.5563035196201412,2026-10-03T00:55:20
live,final,UNL,2026,2026-10-04,Portugal,Norway,0.6373084656027748,0.23613000848548277,0.12656152591174258,0.7197090364372122,2.554787223816642,1.269251801075844,0.68063132757421,2026-10-03T00:55:20
live,final,UNL,2026,2026-10-04,Republic of Ireland,Israel,0.6378443654870506,0.23587638255186463,0.1262792519610849,0.4848346727552348,1.7896159059423986,0.8508853796769926,0.4975940917180995,2026-10-03T00:55:20
live,final,UNL,2026,2026-10-04,Wales,Denmark,0.29459398767087824,0.3042787442861954,0.4011272680429264,0.4276462541494813,1.0821454766964977,1.3472485467081994,0.49309139065359886,2026-10-03T00:55:20
live,final,UNL,2026,2026-10-05,Bosnia and Herzegovina,Poland,0.4196375789629555,0.3059107310270357,0.2744516900100089,0.46109654417813384,1.3771571661532578,1.1904038339369336,0.5332658598306855,2026-10-03T00:55:20
live,final,UNL,2026,2026-10-05,Cyprus,Latvia,0.5851759517158887,0.2591408919433152,0.15568315634079627,0.4178357299324531,1.5400562364132062,0.830731308872656,0.46029541114145595,2026-10-03T00:55:20
live,final,UNL,2026,2026-10-05,France,Belgium,0.6081556945443773,0.24941257794851387,0.14243172750710892,0.664034149915283,2.1911252591876833,1.2951066076352122,0.6747403286540147,2026-10-03T00:55:20
live,final,UNL,2026,2026-10-05,Italy,Turkey,0.6043131174989073,0.25108600386051394,0.1446008786405789,0.6046927257643592,2.1111550654078197,1.0837516135619696,0.5998260498013597,2026-10-03T00:55:20
live,final,UNL,2026,2026-10-05,Montenegro,Armenia,0.66976801650253,0.22017908532997493,0.11005289816749483,0.5825632241573832,2.1349888216988435,0.9356222690600074,0.5551236540810227,2026-10-03T00:55:20
live,final,UNL,2026,2026-10-05,Northern Ireland,Georgia,0.5583721772343277,0.2696087328843605,0.1720190898813117,0.3795978880157918,1.4203510613251247,0.802297445495673,0.4294325037053944,2026-10-03T00:55:20
live,final,UNL,2026,2026-10-05,Romania,Sweden,0.24190722823525762,0.2897469985543608,0.4683457732103815,0.5611910307337682,1.3115245076187256,1.6884631976764388,0.6131180828862386,2026-10-03T00:55:20
live,final,UNL,2026,2026-10-05,Ukraine,Hungary,0.5219414202328763,0.2822055856489701,0.19585299411815357,0.40878846651428674,1.4675788363971107,0.8764281267509504,0.4583554533709144,2026-10-03T00:55:20
live,final,UNL,2026,2026-10-06,Albania,San Marino,0.9777234911885471,0.01863618480092913,0.003640324010523647,0.7461168263693163,3.4309953279099714,0.4189741097650748,0.343527599617978,2026-10-03T00:55:20
live,final,UNL,2026,2026-10-06,Belarus,Finland,0.4461280367010404,0.3016035977483529,0.2522683655506066,0.41540862675316587,1.3410073252884784,1.0370162989455167,0.4855384008292493,2026-10-03T00:55:20
live,final,UNL,2026,2026-10-06,Croatia,Spain,0.10263790922716277,0.18821690270460772,0.7091451880682295,0.6501563502586549,1.005749952351442,2.3775409570824295,0.5917418443432305,2026-10-03T00:55:20
live,final,UNL,2026,2026-10-06,England,Czech Republic,0.8962388860402701,0.08026993190898003,0.023491182050749574,0.7097055473128668,2.9288737637623705,0.7263462602234082,0.5116966437305771,2026-10-03T00:55:20
live,final,UNL,2026,2026-10-06,Estonia,Iceland,0.23692199927644392,0.2878363010768146,0.4752416996467414,0.4854975545002826,1.0989174795579073,1.5658088811189197,0.5373394298956465,2026-10-03T00:55:20
live,final,UNL,2026,2026-10-06,Kazakhstan,Faroe Islands,0.49635474874366065,0.2898401709604171,0.21380508029592224,0.3652253705141699,1.3256216143161206,0.8461500813483535,0.42292702444218727,2026-10-03T00:55:20
live,final,UNL,2026,2026-10-06,Luxembourg,Bulgaria,0.41707698982430264,0.3062519927570228,0.2766710174186746,0.37748261274003053,1.225998037606155,0.999403009279483,0.448840089253544,2026-10-03T00:55:20
live,final,UNL,2026,2026-10-06,Moldova,Slovakia,0.11418073844913837,0.20140877799814014,0.6844104835527216,0.4976824497470397,0.7554947816179545,1.9279885846107723,0.4608638883500985,2026-10-03T00:55:20
live,final,UNL,2026,2026-10-06,Scotland,Slovenia,0.5277735117062725,0.2803216015856802,0.19190488670804726,0.35181162619168566,1.3199112127001293,0.7956923486750309,0.40959536597927176,2026-10-03T00:55:20
live,final,UNL,2026,2026-10-06,Switzerland,North Macedonia,0.879583574736031,0.092093397091853,0.02832302817211604,0.6092655202437917,2.496124617718341,0.6323399827009747,0.4584435556090596,2026-10-03T00:55:20
live,final,USA,2026,2026-10-01,Seattle Sounders,Sporting Kansas City,0.6324416959748813,0.2043942620894206,0.163164041935698,0.6291650716250848,2.236134147668315,1.0474549916686655,,2026-10-01T11:00:53
live,market,ARG,2026,2026-10-03,Boca Juniors,Union de Santa Fe,0.6743234783186024,0.20353518885158187,0.12214133282981561,0.5157133876700379,,,0.45172581496859343,2026-10-03T00:55:24
live,market,ARG,2026,2026-10-03,Defensa y Justicia,San Lorenzo,0.44679076454157285,0.3114264486735894,0.24178278678483775,0.3584049936818134,,,0.42901580494323127,2026-10-03T00:55:24
live,market,ARG,2026,2026-10-03,Ind. Rivadavia,Gimnasia L.P.,0.46012217885627016,0.29136263363312404,0.24851518751060575,,,,,2026-10-03T00:55:20
live,market,ARG,2026,2026-10-03,Independiente,Instituto,0.3687260771163825,0.3235971774009925,0.307676745482625,0.3292269212860414,,,0.41587698395846506,2026-10-03T00:55:24
live,market,ARG,2026,2026-10-04,Atl. Tucuman,Barracas Central,0.4851081383273206,0.30478833690959944,0.21010352476307986,,,,,2026-10-03T00:55:20
live,market,ARG,2026,2026-10-04,Huracan,Aldosivi,0.5519553923402972,0.2772832046922319,0.1707614029674707,0.361297420479579,,,0.38732198569066423,2026-10-03T00:55:24
live,market,ARG,2026,2026-10-04,Newells Old Boys,Lanus,0.33820648914197016,0.3221828811404625,0.33961062971756734,0.33297764259788376,,,0.4202300071170895,2026-10-03T00:55:24
live,market,ARG,2026,2026-10-05,Argentinos Jrs,Tigre,0.5187522917290642,0.29074447530584996,0.1905032329650858,0.3602202513624466,,,0.4029759665647034,2026-10-03T00:55:24
live,market,ARG,2026,2026-10-05,Dep. Riestra,Central Cordoba,0.49380974656920334,0.29471819795241344,0.21147205547838324,,,,,2026-10-03T00:55:20
live,market,ARG,2026,2026-10-05,Estudiantes Rio Cuarto,Racing Club,0.22702477302450763,0.3039443507268902,0.46903087624860207,,,,,2026-10-03T00:55:20
live,market,ARG,2026,2026-10-05,Talleres Cordoba,Belgrano,0.3688361313759173,0.30859289658451744,0.32257097203956525,,,,,2026-10-03T00:55:20
live,market,ARG,2026,2026-10-06,Banfield,Rosario Central,0.2289861193225574,0.2858221024840812,0.48519177819336146,0.41587698395846506,,,0.467288562365176,2026-10-03T00:55:24
live,market,ARG,2026,2026-10-06,Estudiantes L.P.,Gimnasia Mendoza,0.5627152587906682,0.26426658635784983,0.17301815485148203,0.42767906610303447,,,0.44410833641901515,2026-10-03T00:55:24
live,market,ARG,2026,2026-10-06,Velez Sarsfield,Platense,0.49662761674111794,0.3076585625106057,0.1957138207482763,0.29794566373605336,,,0.3523503799978561,2026-10-03T00:55:24
live,market,B1,2026,2026-10-09,Beveren,Lommel SK,0.5150283346427567,0.24470245145826797,0.24026921389897554,0.5767105159149712,,,0.5927499145101645,2026-10-03T00:55:24
live,market,BRA,2026,2026-10-03,Sao Paulo,Santos,0.46340584018319136,0.2814035464556539,0.2551906133611547,,,,,2026-10-03T00:55:20
live,market,BRA,2026,2026-10-04,Atletico-MG,Bragantino,0.45478511410163197,0.27181034516278285,0.2734045407355851,,,,,2026-10-03T00:55:20
live,market,BRA,2026,2026-10-08,Internacional,Corinthians,0.4473175099431209,0.290455616629575,0.26222687342730405,0.4365382754982538,,,0.4984330493233554,2026-10-03T00:55:24
live,market,BRA,2026,2026-10-08,Remo,Gremio,0.4370888611023569,0.27411933826354784,0.28879180063409515,0.5047008306623846,,,0.5527907116273847,2026-10-03T00:55:24
live,market,BRA,2026,2026-10-09,Fluminense,Coritiba,0.6548022102224512,0.20815600063118642,0.13704178914636228,0.5078346465438676,,,0.461061842538838,2026-10-03T00:55:24
live,market,BRA,2026,2026-10-09,Palmeiras,Bahia,0.6208354698829209,0.21416005887299136,0.1650044712440876,0.5709841950567688,,,0.5389381574611619,2026-10-03T00:55:24
live,market,D1,2026,2026-10-09,Dortmund,Werder Bremen,0.7197484642328885,0.15729470214942395,0.12295683361768749,0.6933294315443052,,,0.5917375084166184,2026-10-03T00:55:24
live,market,E2,2026,2026-10-03,Burton,Huddersfield,0.24450729999891074,0.2545831502735911,0.5009095497274981,,,,,2026-10-03T00:55:20
live,market,E2,2026,2026-10-03,Leyton Orient,Plymouth,0.273403705673157,0.2533441946590939,0.473252099667749,,,,,2026-10-03T00:55:20
live,market,E2,2026,2026-10-03,Reading,Bradford,0.4157380629765202,0.2775699233522761,0.3066920136712035,,,,,2026-10-03T00:55:20
live,market,E3,2026,2026-10-03,Accrington,Cheltenham,0.41018885943391575,0.26792682726030337,0.32188431330578104,,,,,2026-10-03T00:55:20
live,market,E3,2026,2026-10-03,Chesterfield,Tranmere,0.584470322141959,0.2224782922410561,0.19305138561698484,0.5753904258699161,,,0.5665511813710851,2026-10-03T00:55:24
live,market,E3,2026,2026-10-03,Crewe,Bristol Rvs,0.31616875564267527,0.2711330898679919,0.4126981544893328,,,,,2026-10-03T00:55:20
live,market,E3,2026,2026-10-03,Exeter,Rotherham,0.3685199614979145,0.27831507539991746,0.35316496310216805,,,,,2026-10-03T00:55:20
live,market,E3,2026,2026-10-03,Gillingham,Newport County,0.4606120648287178,0.2689122459404653,0.2704756892308169,,,,,2026-10-03T00:55:20
live,market,E3,2026,2026-10-03,Grimsby,Shrewsbury,0.5540827147401909,0.2417815482502651,0.20413573700954402,,,,,2026-10-03T00:55:20
live,market,E3,2026,2026-10-03,Rochdale,Swindon,0.4156996587030717,0.2675767918088737,0.31672354948805465,,,,,2026-10-03T00:55:20
live,market,E3,2026,2026-10-03,Salford,Fleetwood Town,0.5572371654213711,0.24046151582782677,0.20230131875080212,,,,,2026-10-03T00:55:20
live,market,EC,2026,2026-10-03,Aldershot,Carlisle,0.2905310435077628,0.24699096886763494,0.4624779876246021,,,,,2026-10-03T00:55:20
live,market,EC,2026,2026-10-03,Barrow,Wealdstone,0.5113757865442718,0.2459606364628699,0.24266357699285826,,,,,2026-10-03T00:55:20
live,market,EC,2026,2026-10-03,Boreham Wood,Altrincham,0.6484241446560567,0.19314761755712329,0.15842823778682014,,,,,2026-10-03T00:55:20
live,market,EC,2026,2026-10-03,Eastleigh,Woking,0.33095152418650087,0.26057677479052077,0.4084717010229785,,,,,2026-10-03T00:55:20
live,market,EC,2026,2026-10-03,Gateshead,Worthing,0.17644086204634102,0.21197696072546354,0.6115821772281954,,,,,2026-10-03T00:55:20
live,market,EC,2026,2026-10-03,Harrogate,Hornchurch,0.5750687179615179,0.23119811052905812,0.19373317150942396,,,,,2026-10-03T00:55:20
live,market,EC,2026,2026-10-03,Hartlepool,Tamworth,0.4105787870396012,0.2570479091664359,0.33237330379396285,,,,,2026-10-03T00:55:20
live,market,EC,2026,2026-10-03,Kidderminster,Sutton,0.3836636589306119,0.283265692107648,0.33307064896174,,,,,2026-10-03T00:55:20
live,market,EC,2026,2026-10-03,Solihull,Halifax,0.42228924556556213,0.25575264168055173,0.321958112753886,,,,,2026-10-03T00:55:20
live,market,EC,2026,2026-10-03,Southend,Fylde,0.5335270798357857,0.22903940295980704,0.23743351720440728,,,,,2026-10-03T00:55:20
live,market,EC,2026,2026-10-03,Yeovil,Boston Utd,0.5353358987968082,0.2427479009005095,0.2219162003026823,0.5330861646558193,,,0.5488268616940916,2026-10-03T00:55:24
live,market,INT,2026,2026-10-03,Bonaire,Grenada,0.2073294737373695,0.25215800659451815,0.5405125196681124,0.4656344036810563,,,0.49057162253722514,2026-10-03T00:55:24
live,market,INT,2026,2026-10-03,Canada,Peru,0.610918250116421,0.22265119051758334,0.1664305593659957,0.4780024644576647,,,0.4656344036810563,2026-10-03T00:55:24
live,market,INT,2026,2026-10-03,Colombia,Paraguay,0.5656507752760462,0.2520962807837234,0.18225294394023042,0.4145897722529947,,,0.4303602549645979,2026-10-03T00:55:24
live,market,INT,2026,2026-10-03,Saint Kitts and Nevis,Cuba,0.16093118806821796,0.22746864468229755,0.6116001672494845,0.5094283774627747,,,0.49529916933761553,2026-10-03T00:55:24
live,market,INT,2026,2026-10-03,Saudi Arabia,Qatar,0.6235915472921574,0.23538824606585315,0.14102020664198942,,,,,2026-10-03T00:55:24
live,market,INT,2026,2026-10-03,United Arab Emirates,Oman,0.606150823271268,0.23644433240358453,0.1574048443251475,,,,,2026-10-03T00:55:24
live,market,INT,2026,2026-10-04,Argentina,Burkina Faso,0.8343551482493932,0.11624775503968701,0.04939709671091977,0.6227884898950273,,,0.384335964042781,2026-10-03T00:55:24
live,market,INT,2026,2026-10-04,United States,Mexico,0.37680803988169304,0.2721068007943431,0.3510851593239639,0.5188555909719709,,,0.5709841950567688,2026-10-03T00:55:24
live,market,IRL,2026,2026-10-02,Dundalk,Bohemians,0.2620507249436666,0.2464271044863206,0.4915221705700125,,,,,2026-10-02T15:50:07
live,market,JPN,2026,2026-10-03,Kashiwa Reysol,Gamba Osaka,0.5959746198646966,0.21362260055771892,0.19040277957758453,,,,,2026-10-03T00:55:24
live,market,JPN,2026,2026-10-09,Kashima Antlers,Gamba Osaka,0.5134643532662508,0.24026959082800942,0.24626605590573977,0.6084918735906804,,,0.6180062489644716,2026-10-03T00:55:24
live,market,JPN,2026,2026-10-09,Kashiwa Reysol,Vissel Kobe,0.44888821603224405,0.2722354498171576,0.27887633415059826,0.5125709687884565,,,0.5589918626669925,2026-10-03T00:55:24
live,market,N1,2026,2026-10-09,PSV Eindhoven,Heerenveen,0.7937208805242666,0.11427807205912155,0.09200104741661189,,,,0.6707730787139586,2026-10-03T00:55:24
live,market,NOR,2026,2026-10-09,Brann,Viking,0.32742459367426263,0.23788554770355066,0.43468985862218684,0.6773082061457112,,,0.6863815327641867,2026-10-03T00:55:24
live,market,P1,2026,2026-10-09,Moreirense,Gil Vicente,0.2706594391763718,0.2963990234451093,0.43294153737851887,0.39995799898907247,,,0.467288562365176,2026-10-03T00:55:24
live,market,SC1,2026,2026-10-03,Livingston,Ayr,0.616794241619912,0.2162201349151427,0.16698562346494533,0.5425323039580521,,,0.5174339319069575,2026-10-03T00:55:24
live,market,SC1,2026,2026-10-03,Morton,Raith Rvs,0.1543746224924834,0.22806878411288176,0.6175565933946348,0.4669138353441808,,,0.44974373868586826,2026-10-03T00:55:24
live,market,SC1,2026,2026-10-03,Partick,Arbroath,0.6535817836710808,0.21682068718443964,0.12959752914447964,,,,,2026-10-03T00:55:20
live,market,SC2,2026,2026-10-03,Airdrie Utd,Montrose,0.5012915446874462,0.25417599448940936,0.2445324608231445,,,,,2026-10-03T00:55:20
live,market,SC2,2026,2026-10-03,East Fife,East Kilbride,0.2941523823084751,0.26099647794422504,0.44485113974729984,,,,,2026-10-03T00:55:20
live,market,SC2,2026,2026-10-03,Hamilton,Peterhead,0.7205065900330597,0.17417928832149318,0.10531412164544725,0.56105822296312,,,0.45915864980279436,2026-10-03T00:55:24
live,market,SC2,2026,2026-10-03,Queen of Sth,Cove Rangers,0.37334063227042563,0.2638565758861366,0.36280279184343783,,,,,2026-10-03T00:55:20
live,market,SC2,2026,2026-10-03,Ross County,Alloa,0.7190684133915575,0.1703056768558952,0.11062590975254732,,,,,2026-10-03T00:55:20
live,market,SC3,2026,2026-10-03,Annan Athletic,Stirling,0.5440223904895841,0.2351763458887265,0.22080126362168942,,,,,2026-10-03T00:55:20
live,market,SC3,2026,2026-10-03,Dumbarton,Forfar,0.4713159225837187,0.25020328663699454,0.27848079077928684,0.5565294817138898,,,0.5863665624561883,2026-10-03T00:55:24
live,market,SC3,2026,2026-10-03,Elgin,Clyde,0.43009320905459386,0.2529960053262317,0.3169107856191744,,,,,2026-10-03T00:55:20
live,market,SC3,2026,2026-10-03,Spartans,Kelty Hearts,0.5423193227148513,0.22715091865054127,0.2305297586346075,0.6108989445338622,,,0.6108989445338622,2026-10-03T00:55:24
live,market,SC3,2026,2026-10-03,Stranraer,Edinburgh City,0.46023042554328386,0.2569947675398394,0.2827748069168766,,,,,2026-10-03T00:55:20
live,market,SP1,2026,2026-10-09,Malaga,Espanol,0.35409679790317855,0.2918064041936429,0.35409679790317855,0.4447319324353496,,,0.5232365316643965,2026-10-03T00:55:24
live,market,SP2,2026,2026-10-02,Eldense,Oviedo,0.3777181697440037,0.3121956300945337,0.3100862001614625,,,,,2026-10-02T15:50:07
live,market,SP2,2026,2026-10-03,Albacete,Eibar,0.3455434088043798,0.27917379064987996,0.3752828005457403,,,,,2026-10-03T00:55:20
live,market,SP2,2026,2026-10-03,Almeria,Burgos,0.5761957730812013,0.24694104560622915,0.17686318131256953,,,,,2026-10-03T00:55:20
live,market,SP2,2026,2026-10-03,Cadiz,Leganes,0.3293679131903925,0.29536864473202934,0.3752634420775783,,,,,2026-10-03T00:55:20
live,market,SP2,2026,2026-10-03,Sabadell,Andorra,0.44889018691588783,0.28796728971962615,0.26314252336448596,,,,,2026-10-03T00:55:20
live,market,SP2,2026,2026-10-04,Castellon,Ceuta,0.7404533387788442,0.15615002382410997,0.10339663739704578,,,,,2026-10-03T00:55:20
live,market,SP2,2026,2026-10-04,Girona,Mallorca,0.4249381710384326,0.2735380442313264,0.30152378473024094,,,,,2026-10-03T00:55:20
live,market,SP2,2026,2026-10-04,Las Palmas,Valladolid,0.42856905185752076,0.286605553429717,0.28482539471276225,,,,,2026-10-03T00:55:20
live,market,SP2,2026,2026-10-04,Sociedad B,Granada,0.37127406672065627,0.2827660074714596,0.34595992580788426,,,,,2026-10-03T00:55:20
live,market,SP2,2026,2026-10-04,Sp Gijon,Celta B,0.6011815516816972,0.2295969745116029,0.16922147380669994,,,,,2026-10-03T00:55:20
live,market,SP2,2026,2026-10-05,Cordoba,Tenerife,0.4777976104456101,0.2707992391546336,0.2514031503997563,,,,,2026-10-03T00:55:20
live,market,T1,2026,2026-10-09,Galatasaray,Kasimpasa,0.7850101256254839,0.1339055363861899,0.08108433798832615,0.6633930278987068,,,0.49378536627848857,2026-10-03T00:55:24
live,market,UNL,2026,2026-10-03,Belarus,San Marino,0.9028593296495236,0.07096570709881027,0.02617496325166605,0.6809817771046764,,,0.29712309281015264,2026-10-03T00:55:24
live,market,UNL,2026,2026-10-03,Croatia,England,0.2342216974894635,0.23911386026895506,0.5266644422415814,0.5819160697929976,,,0.5977269620259053,2026-10-03T00:55:24
live,market,UNL,2026,2026-10-03,Estonia,Luxembourg,0.31426079590360523,0.3083465942281595,0.3773926098682352,0.3861388233791869,,,0.46417496048076684,2026-10-03T00:55:24
live,market,UNL,2026,2026-10-03,Finland,Albania,0.39690137269848014,0.2937579041666699,0.3093407231348499,0.39450577571075124,,,0.46417496048076684,2026-10-03T00:55:24
live,market,UNL,2026,2026-10-03,Iceland,Bulgaria,0.6806745570520665,0.19603372866714616,0.12329171428078725,0.5343655963189438,,,0.4656344036810563,2026-10-03T00:55:24
live,market,UNL,2026,2026-10-03,North Macedonia,Scotland,0.19237315788080273,0.2597290174918822,0.5478978246273151,0.4137858564968799,,,0.4447319324353496,2026-10-03T00:55:24
live,market,UNL,2026,2026-10-03,Spain,Czech Republic,0.9055566023658949,0.06439981950876056,0.03004357812534466,0.7305121977453073,,,0.35597061908739935,2026-10-03T00:55:24
live,market,UNL,2026,2026-10-03,Switzerland,Slovenia,0.746396715863738,0.16710524684504868,0.0864980372912132,0.501549294914098,,,0.3814723969468944,2026-10-03T00:55:24
live,market,UNL,2026,2026-10-04,Azerbaijan,Lithuania,0.4240016351288928,0.30548111689934543,0.2705172479717618,0.34154723628734407,,,0.41587698395846506,2026-10-03T00:55:24
live,market,UNL,2026,2026-10-04,Greece,Germany,0.2430438485134009,0.24829108011877118,0.5086650713678279,0.5644628728151446,,,0.5904863611021729,2026-10-03T00:55:24
live,market,UNL,2026,2026-10-04,Kosovo,Austria,0.28010862647697565,0.2708140714393296,0.4490773020836948,0.5186425679301332,,,0.5688655395046321,2026-10-03T00:55:24
live,market,UNL,2026,2026-10-04,Malta,Andorra,0.5837007394464274,0.2650092276152896,0.15129003293828286,0.3584049936818134,,,0.3744551254762654,2026-10-03T00:55:24
live,market,UNL,2026,2026-10-04,Netherlands,Serbia,0.8391590987632753,0.10603044080458128,0.05481046043214341,0.6976422105420141,,,0.4567603185443599,2026-10-03T00:55:24
live,market,UNL,2026,2026-10-04,Portugal,Norway,0.5859421235478054,0.21299305694226844,0.2010648195099261,0.6461194195679766,,,0.6282266183986729,2026-10-03T00:55:24
live,market,UNL,2026,2026-10-04,Republic of Ireland,Israel,0.44901275008301156,0.28200047294833075,0.26898677696865775,0.44611475141719525,,,0.5077902588620262,2026-10-03T00:55:24
live,market,UNL,2026,2026-10-04,Wales,Denmark,0.2548825670170254,0.2532854683898046,0.49183196459316997,0.5387189405325392,,,0.5732418842794628,2026-10-03T00:55:24
live,market,UNL,2026,2026-10-05,Bosnia and Herzegovina,Poland,0.2870063844665564,0.2820618949452194,0.4309317205882241,0.4751447985460032,,,0.5387189405325392,2026-10-03T00:55:24
live,market,UNL,2026,2026-10-05,Cyprus,Latvia,0.576492016570678,0.24202688328810373,0.18148110014121846,0.4687570645675212,,,0.4718801497024087,2026-10-03T00:55:24
live,market,UNL,2026,2026-10-05,France,Belgium,0.6384199655719268,0.19543795121156535,0.16614208321650778,0.6450772603178566,,,0.601937874068729,2026-10-03T00:55:24
live,market,UNL,2026,2026-10-05,Italy,Turkey,0.6597720504048986,0.18890629831982733,0.15132165127527403,0.6322134039270634,,,0.5775920223477456,2026-10-03T00:55:24
live,market,UNL,2026,2026-10-05,Northern Ireland,Georgia,0.37625960403144443,0.28271344359938727,0.3410269523691684,0.44611475141719525,,,0.5186425679301332,2026-10-03T00:55:24
live,market,UNL,2026,2026-10-05,Romania,Sweden,0.24564654228050736,0.24490020569611615,0.5094532520233764,0.5874811438432118,,,0.6102832799103454,2026-10-03T00:55:24
live,market,UNL,2026,2026-10-05,Ukraine,Hungary,0.4165452498469344,0.2710966889177868,0.3123580612352787,0.4629331508104506,,,0.5232365316643965,2026-10-03T00:55:24
live,market,UNL,2026,2026-10-06,Croatia,Spain,0.1335855536411648,0.19691600939618448,0.6694984369626507,0.6114637677561429,,,0.5508098971685378,2026-10-03T00:55:24
live,market,UNL,2026,2026-10-06,England,Czech Republic,0.827854357118773,0.1170199047210681,0.05512573816015892,0.6311173401111366,,,0.40526715911518046,2026-10-03T00:55:24
