date,league,home,away,p_home,p_draw,p_away,p_over,p_btts,s,goals_shift,avoid
2026-10-03,JPN,Kashiwa Reysol,Gamba Osaka,0.5406807426028755,0.22736345450049014,0.23195580289663437,0.5617994731257162,0.5492430521977456,0.0,0,False
2026-10-03,E3,Chesterfield,Tranmere,0.5901133859166195,0.22585956780422317,0.18402704627915728,0.5442655055777441,0.5210418794309166,-2.0,0,False
2026-10-03,UNL,Finland,Albania,0.35116237230971564,0.30999637899375104,0.3388412486965332,0.323252484410784,0.39594477521162225,1.4,0,False
2026-10-03,SC3,Dumbarton,Forfar,0.3884664467667408,0.2590397616636537,0.3524937915696055,0.4361582512981671,0.4752352720893222,0.0,0,False
2026-10-03,UNL,Croatia,England,0.21023248721857185,0.27582407415326926,0.5139434386281592,0.5850397151199577,0.6082143618227391,-0.09999999999999998,0,False
2026-10-03,UNL,Iceland,Bulgaria,0.6553063075436959,0.22743172802992337,0.1172619644263806,0.523436299071062,0.5213474111962316,3.0,0,False
2026-10-03,ARG,Defensa y Justicia,San Lorenzo,0.4025415612765505,0.3249276665548694,0.27253077216858,0.29851347075063217,0.3691408039447317,1.1,0,False
2026-10-03,INT,Canada,Peru,0.5605155549907672,0.2688078649131677,0.17067658009606484,0.42268031498928943,0.4150471127913685,-2.7,0,False
2026-10-03,UNL,Spain,Czech Republic,0.950214668492613,0.040239844113981627,0.009545487393405275,0.7656461846541582,0.5041569733516021,1.45,0,False
2026-10-03,UNL,Switzerland,Slovenia,0.7934935625832827,0.14946036568580917,0.0570460717309081,0.4844616948779759,0.4204063705652929,-0.10000000000000009,-1,False
2026-10-03,UNL,North Macedonia,Scotland,0.26202441544364435,0.2964727764217619,0.4415028081345936,0.41814095474065294,0.4864089913359029,1.5500000000000003,0,False
2026-10-04,INT,United States,Mexico,0.2633127926245949,0.29685178448626015,0.4398354228891449,0.47352897281505013,0.5383256219349566,-0.30000000000000004,0,True
