k,home_adv,season_regress,n,log_loss,rps,brier,accuracy,ece,ou25_log_loss
16.0,65.0,0.0,7203,0.9953292475891805,0.20383870657389208,0.5932219415631825,0.5240871858947661,0.021116623869341197,
14.0,65.0,0.0,7203,0.9954112180862202,0.20383844108243773,0.5931967967389773,0.5240871858947661,0.021348117112908484,
14.0,65.0,0.05,7203,0.9956245276899696,0.20392934518565356,0.5933995805036294,0.5250590031931139,0.021418072723690267,
16.0,65.0,0.05,7203,0.9956366517634607,0.20395473987769985,0.5934781511647393,0.5245036790226295,0.021425194212693965,
12.0,65.0,0.0,7203,0.9957658265913218,0.20391833582559338,0.5933422928475208,0.5243648479800084,0.021039496859486615,
12.0,65.0,0.05,7203,0.9958280552808163,0.2039687197729955,0.5934570336650115,0.5246425100652506,0.020991653831780727,
14.0,65.0,0.1,7203,0.9959998297680346,0.20406503971424264,0.5936992490887627,0.5243648479800084,0.02136824602968906,
16.0,65.0,0.1,7203,0.9960685544472778,0.20410580911473172,0.5938091824122662,0.5250590031931139,0.020990988890495565,
12.0,65.0,0.1,7203,0.9961107869816312,0.2040787943810783,0.593702607794572,0.5250590031931139,0.02130047833627186,
10.0,65.0,0.05,7203,0.9963509042072818,0.2041033684254565,0.5937173441113418,0.5246425100652506,0.020866478784235597,
10.0,65.0,0.1,7203,0.9964826006363486,0.20417135993101201,0.5938720062999517,0.5236706927669027,0.020618055256976266,
10.0,65.0,0.0,7203,0.9965328877474057,0.2041182079096996,0.5937466191719294,0.5246425100652506,0.021407738617449396,
8.0,65.0,0.1,7203,0.9972500433385808,0.20438235711404928,0.5942942366095365,0.5243648479800084,0.021333987915911384,
8.0,65.0,0.05,7203,0.9973675036343803,0.20438355156697519,0.5942915746492999,0.5243648479800084,0.021610330478849,
8.0,65.0,0.0,7203,0.9979474803410159,0.20450336393891944,0.5945555515642005,0.5228377065111759,0.022488647092939282,
