home_raw,away_raw,kickoff,status,minute,ended,live,hg,ag
MG Atletik SJDR,Resife PE,2026-10-01 23:30:00+00:00,ENDED,,True,False,1.0,2.0
Athletic Club Sjdr MG,Sport Resifi,2026-10-01 23:30:00+00:00,ENDED,90.0,True,False,1.0,2.0
Anqulya,Antiqua və Barbuda,2026-10-01 23:00:00+00:00,ENDED,74.0,True,False,0.0,3.0
Klab Bolivar,GV Club Deportivo San Jos,2026-10-01 22:30:00+00:00,ENDED,90.0,True,False,3.0,2.0
River Pleyt 2,Atletiko Sarmento 2,2026-10-01 22:00:00+00:00,ENDED,90.0,True,False,1.0,0.0
Fortaleza EC CE U20,Seara CE U20,2026-10-01 22:00:00+00:00,ENDED,106.0,True,False,2.0,2.0
Kürasao,Trinidad və Tobaqo,2026-10-01 22:00:00+00:00,ENDED,90.0,True,False,1.0,0.0
Klub Olimpiya,Luqueno Sportivo,2026-10-01 22:00:00+00:00,ENDED,101.0,True,False,1.0,1.0
Flamengo PI,Comercial PI,2026-10-01 22:00:00+00:00,ENDED,90.0,True,False,1.0,0.0
CD Fuerte San Francisco M,CD Luis Anhel Firro Usulu,2026-10-01 21:30:00+00:00,ENDED,90.0,True,False,0.0,3.0
Dominika,Qayana,2026-10-01 21:00:00+00:00,ENDED,90.0,True,False,1.0,5.0
FC Enviqado,Orsomarso,2026-10-01 20:30:00+00:00,ENDED,90.0,True,False,0.0,0.0
"Vircin Adaları, Britaniya",Montserrat,2026-10-01 20:00:00+00:00,ENDED,90.0,True,False,0.0,2.0
Talyeres 2,Qodoy-Krus 2,2026-10-01 20:00:00+00:00,ENDED,90.0,True,False,3.0,1.0
Vircin Adaları,Saint-Martin,2026-10-01 20:00:00+00:00,ENDED,90.0,True,False,0.0,5.0
Sportinq Kristal,Asociacion Deportiva Tarm,2026-10-01 20:00:00+00:00,ENDED,90.0,True,False,5.0,0.0
Mançester Siti (Q),Real Madrid (Q),2026-10-01 19:00:00+00:00,ENDED,90.0,True,False,1.0,1.0
PSJ (Q),Oud-Heverlee Leuven (Q),2026-10-01 19:00:00+00:00,ENDED,90.0,True,False,5.0,0.0
Spartax PB,SC Lagoa Seca PB,2026-10-01 19:00:00+00:00,ENDED,90.0,True,False,1.0,1.0
Yunanıstan,Niderland,2026-10-01 18:45:00+00:00,ENDED,90.0,True,False,2.0,2.0
Danimarka,Portuqaliya,2026-10-01 18:45:00+00:00,ENDED,90.0,True,False,2.0,4.0
Uels,Norveç,2026-10-01 18:45:00+00:00,ENDED,90.0,True,False,2.0,1.0
Almaniya,Serbiya,2026-10-01 18:45:00+00:00,ENDED,90.0,True,False,2.0,0.0
İrlandiya,Avstriya,2026-10-01 18:45:00+00:00,ENDED,90.0,True,False,2.0,2.0
İsrail,Kosovo,2026-10-01 18:45:00+00:00,ENDED,90.0,True,False,0.0,0.0
Malta,Cəbəllüttariq,2026-10-01 18:45:00+00:00,ENDED,90.0,True,False,1.0,1.0
Veles Sarsfild 2,Argentinos Xuniors 2,2026-10-01 18:45:00+00:00,ENDED,90.0,True,False,1.0,1.0
Drogheda Town FC,Trinity Donaghmede,2026-10-01 18:45:00+00:00,ENDED,90.0,True,False,1.0,1.0
San Marino U21,İspaniya U21,2026-10-01 18:15:00+00:00,ENDED,90.0,True,False,0.0,13.0
Barrakas Sentral 2,Gimnasia De Mendoza Rezer,2026-10-01 18:00:00+00:00,ENDED,90.0,True,False,0.0,0.0
Kolon 2,Deportivo Riestra 2,2026-10-01 18:00:00+00:00,ENDED,90.0,True,False,0.0,1.0
İndependiente 2,Boka Xuniors 2,2026-10-01 18:00:00+00:00,ENDED,91.0,True,False,2.0,1.0
San Martin de San Juan 2,Lanus 2,2026-10-01 18:00:00+00:00,ENDED,90.0,True,False,0.0,2.0
SE Belford Roxo RJ,Santa Cruz FC RJ,2026-10-01 18:00:00+00:00,ENDED,90.0,True,False,3.0,0.0
Csd Flandria Rezerv,CA Ituzaingo Reserves,2026-10-01 18:00:00+00:00,ENDED,90.0,True,False,2.0,0.0
CA Los Andes Rezerv,Deportivo Moron Rezerv,2026-10-01 18:00:00+00:00,ENDED,90.0,True,False,2.0,1.0
AD Berazategui Reserve,Central Ballester Reserve,2026-10-01 17:00:00+00:00,ENDED,90.0,True,False,3.0,1.0
Defensores de Cambaceres,Sacachispas FC Rezerves,2026-10-01 17:00:00+00:00,ENDED,90.0,True,False,3.0,1.0
Uels,Norveç,2026-10-02 10:00:00+00:00,ENDED,,True,False,0.0,2.0
İF Elfsborq,Haken Götenburq,2026-10-02 10:00:00+00:00,ENDED,,True,False,0.0,1.0
Nürnberq,İnqolştadt,2026-10-02 10:00:00+00:00,ENDED,,True,False,3.0,1.0
FK Luqano,Hellas Verona,2026-10-02 09:30:00+00:00,ENDED,,True,False,1.0,3.0
Qornik Jabrje,Odra Opole,2026-10-02 09:00:00+00:00,ENDED,,True,False,0.0,2.0
FC Fastav Jlin,1.SK Prosteyov,2026-10-02 09:00:00+00:00,ENDED,,True,False,1.0,2.0
Trenkvalder Admira,Avstriya Vyana,2026-10-02 09:00:00+00:00,ENDED,,True,False,1.0,6.0
MFK Ruzomberok,SFC Opava,2026-10-02 09:00:00+00:00,ENDED,,True,False,1.0,1.0
Vyetnam,Pakistan,2026-10-02 09:00:00+00:00,ENDED,90.0,True,False,4.0,2.0
NK Aluminiy,NK Varajdin,2026-10-02 08:00:00+00:00,ENDED,,True,False,0.0,0.0
Mfa Moscow U20,FC Chernomorets Novorossi,2026-10-02 08:00:00+00:00,ENDED,90.0,True,False,2.0,3.0
Çin (Q),Cənubi Koreya  (Q),2026-10-02 06:00:00+00:00,ENDED,91.0,True,False,0.0,1.0
Nikaraqua,Kosta Rika,2026-10-02 02:00:00+00:00,ENDED,,True,False,0.0,3.0
Sietl Saunders,Sportinq Kansas Siti,2026-10-02 01:30:00+00:00,ENDED,,True,False,2.0,1.0
Bluminq,Independiente Petrolero,2026-10-02 00:30:00+00:00,ENDED,90.0,True,False,0.0,1.0
CA Platense,Estudiantes de la Plata,2026-10-02 00:15:00+00:00,ENDED,,True,False,1.0,0.0
Qremio Novorizontino,Qoias Qp,2026-10-02 00:00:00+00:00,ENDED,,True,False,3.0,0.0
Kayman Adaları,Puerto Riko,2026-10-02 00:00:00+00:00,ENDED,,True,False,0.0,3.0
CD Inca,Munisipal Limeno,2026-10-02 00:00:00+00:00,ENDED,90.0,True,False,2.0,1.0
Dominikan Respublikası,Haiti,2026-10-02 00:00:00+00:00,ENDED,,True,False,1.0,4.0
